source,job_title,company,location,date_posted,via,url,description,is_contractor,is_full_time,is_remote,nearshore_friendly,offshore_mentioned,us_only,urgency_hits,many_openings_signal,country,domain_guess
google_jobs,Java developer - Angular - REMOTE,TWO95 International INC,Anywhere,,,https://www.indeed.com/viewjob?jk=28909a805ce72cbc&utm_campaign=google_jobs_apply&utm_source=google_jobs_apply&utm_medium=organic,"Role: Sr. Java Developer with Angular (MTBC-0221-12) 
Desired Start Date?ASAP 
Location: any location in the EST or CST time zone – Remote services 
Culture/Environment of Company: Fortune 500 
Role Type: Contract 
Length of Contract: 3 months with extensions 

 Interview Type - Phone and Skype 
All candidates will go through a rigid background check that will include fingerprinting. 
Rate : Market ( in line with the experience - 7 Yeas in Java ) 

 Requirements:


 7 years of experience as a Java Developer
 ≥2 development project using Angular as a part of the development package
 Expert skills writing and coding web and rest services
 High-level experience writing workflow systems using this open source workflow package",True,False,True,False,False,False,1,False,,
google_jobs,Angular/ Node JS Developer - Remote,NAAS Technologies,Anywhere,,,https://www.dice.com/job-detail/e73c227e-df0f-415a-88ba-44281057c88b?utm_campaign=google_jobs_apply&utm_source=google_jobs_apply&utm_medium=organic,"* 9+ experience with NodeJS and Angular in building scalable and high-performance applications   * Experience with data analytics, visualization frameworks, and tools that can process and display large sets of data in real-time (e.g., D3.js, Chart.js) * Experience building RESTful APIs and working with databases like MySQL, MongoDB, or similar * Experience with building Docker images and Kubernetes deployments, services, ingress, config maps and secrets  *  Solid understanding of modern front-end and back-end frameworks (Node.Js, Next.js, Express.js) and how they contribute to a seamless product experience * Strong knowledge of performance optimization techniques for both client-side and server-side applications * Proficiency in implementing secure and compliant coding practices, especially within public safety or sensitive data contexts * Excellent communication and problem-solving skills, with a focus on user-centric solutions * Proven ability to work with Agile methodologies Preferred Qualifications: * Experience with cloud platforms (e.g., AWS, Azure, Google Cloud Platform) and containerization tools like Docker or Kubernetes",False,False,True,False,False,False,0,False,,dice.com
google_jobs,Java developer - Angular - REMOTE,TWO95 International INC,Anywhere,,,"https://www.glassdoor.com/job-listing/java-developer-angular-remote-two95-international-JV_IC1127090_KO0,29_KE30,49.htm?jl=1009943215994&utm_campaign=google_jobs_apply&utm_source=google_jobs_apply&utm_medium=organic","Role: Sr. Java Developer with Angular (MTBC-0221-12)

Desired Start Date?ASAP

Location: any location in the EST or CST time zone – Remote services

Culture/Environment of Company: Fortune 500

Role Type: Contract

Length of Contract: 3 months with extensions



Interview Type - Phone and Skype

All candidates will go through a rigid background check that will include fingerprinting.

Rate : Market ( in line with the experience - 7 Yeas in Java )



Requirements:


7 years of experience as a Java Developer
≥2 development project using Angular as a part of the development package
Expert skills writing and coding web and rest services
High-level experience writing workflow systems using this open source workflow package",True,False,True,False,False,False,1,False,,
google_jobs,[Remote] Full Stack/Angular Developer,Concero,Anywhere,9 days ago,,https://jobright.ai/jobs/info/698a34cc0f6f7e7a2ce546ea?utm_campaign=google_jobs_apply&utm_source=google_jobs_apply&utm_medium=organic,"Note: The job is a remote job and is open to candidates in USA. Concero is seeking an experienced developer to support a major Angular upgrade initiative, modernizing a legacy application from an older version of Angular to the latest release. The role is primarily front-end focused, requiring collaboration across the application stack and execution of the upgrade process.


Responsibilities

Lead and execute the upgrade of a legacy Angular application to the latest version of AngularRefactor and modernize existing front-end code to align with current Angular standards and best practicesIdentify and resolve compatibility issues, deprecated features, and performance concerns during the upgradeCollaborate with backend and cross-functional teams to ensure seamless integration, even though backend development will be limitedParticipate in code reviews, testing, and deployment activities to ensure high-quality deliverablesProvide documentation and knowledge transfer related to the upgraded application
Skills

Strong hands-on experience with Angular (including upgrading between major versions)Solid proficiency in TypeScript, HTML, CSS, and modern JavaScriptExperience working with legacy codebases and modernizing front-end frameworksUnderstanding of RESTful APIs and how front-end applications interact with backend servicesFamiliarity with version control tools (Git) and CI/CD pipelinesFull-stack development experience (Node.js, Java, .NET, or similar)Experience with automated testing frameworks for AngularExposure to cloud environments and modern deployment practices
Company Overview

Concero is a recruitment firm based focusing on the following sectors information technology, engineering, industrial, finance & accounting. It was founded in 2012, and is headquartered in Chesterfield, Missouri, USA, with a workforce of 51-200 employees. Its website is https://getconcero.com.",False,False,True,False,False,False,0,False,,jobright.ai
google_jobs,.Net Full stack Developer w/ Angular & AWS - 100% Remote,Sky Solutions LLC.,Anywhere,,,https://www.indeed.com/viewjob?jk=e870ba976e6129da&utm_campaign=google_jobs_apply&utm_source=google_jobs_apply&utm_medium=organic,"Company Description

 
  Everything we do is about empowering people to do the extraordinary – from our clients who are transforming the world to our team who are driving change through technology. It was true when Sky Solutions was founded in 2008, and it’s just as true today.
 
  Job Description

 
   Position Title: .Net Full stack Developer w/ Angular & AWS
   Location: Davie, FL
   Duration: Long Term
 
  Looking for Seniors with over 10 years. H1's accepted, GC , GC EAD and USC's are highly preferred,


  This position can be performed anywhere in the United States.


 Primary job duties and responsibilities may include, but are not limited to the following:


 
  As a member of the application development team, the Sr. Software Developer is responsible for full stack application development on a greenfield development project.
  Participate in design reviews and other technical team discussions.
  Participate in established agile practices of sprint planning, development, testing, troubleshooting, sprint reviews, retrospectives, and product demonstrations.
  Mentor junior developers, perform code reviews, and ensure engineering best practices are adhered to.
 
  Qualifications
 
 Required:


 
   5+ years experience in developing software with .Net, Angular
  Full stack engineer proficient in
  Angular 10
  C#, .Net
  SQL/ No SQL DB
  API driven design & dev
  Kafka
  Microservices
  Azure
  Angular.js (nice to have)
  Lead cross-functional product development teams to design, develop and enhance software assets that meet or exceed internal and external(customer) expectations, and meet product functionality, cost and delivery schedules. Apply knowledge to create an environment that fosters accountability, quality, commitment, growth and innovation. Support the sales process as needed by participating in the solution design.
  Extensive knowledge of the software development process including architectural styles and design patterns.
  Experience building and using REST services in a cloud environment
  Understanding of core AWS services, uses, and basic AWS architecture best practices
  Experience working in an AGILE environment
  Skilled at working in tandem with a team of engineers, or alone as required
  Ability to assist the team in troubleshooting and resolving application performance issues on AWS.
 
  Additional Information
 
 All your information will be kept confidential according to EEO guidelines.",False,False,True,False,False,False,0,False,,
google_jobs,Remote Java Developer with Angular.js or Node.js Full Stack Web Developer,GRT Corporation,Anywhere,,,https://www.dice.com/job-detail/9f0beabf-71ad-41ad-973e-f8b4d19700fe?q=Web+Developer&utm_campaign=google_jobs_apply&utm_source=google_jobs_apply&utm_medium=organic,"Job Description

 

Responsible for end-to-end application development. This role requires deep expertise in both front-end (Angular) and back-end (Java Spring Boot) technologies, along with proficiency in debugging and optimizing code. Cloud knowledge, particularly Google Cloud Platform (Google Cloud Platform) is critical.

 

Technical Skillset:

Strong experience with Angular (version 16+), Java Spring Boot, and relational databases (PostgresSQL)Extensive experience with cloud-native application development and deploymentFamiliarity with GKE or similar container orchestration platformsAgile framework and tools like Rally, JIRA for sprint managementDebugging and performance optimization techniques, feature flaggingTechnical LeadershipProven track record of leading technical initiatives and setting standards across the development lifecycleExperience in conducting code reviews, problem-solving, and ensuring code meets acceptance criteriaAbility to mentor team members and provide guidance on technical skills and project alignmentCI/CD Pipeline Setup:Hands-on experience setting up CI/CD pipelines using tools like GitHub Actions, Harness, Argo CD, and CircleCIExpertise in automating workflows and deployments through pipelinesFamiliarity with testing automation tools like PlaywrightResponsibilities:

Lead discussions with Architecture, Technical leads, Product managers, business, Infra and Enterprise Security teams to come up with scalable and efficient application solution and build codeLead technical initiatives, build code, set standards and ensuring quality across the development lifecycleConduct code reviews, assist in problem-solving, and ensure code meets acceptance criteriaMentor team members, providing guidance on both technical skills and project alignmentCoordinate closely with the Product Managers, Design leads and Engineering Manager on architectural decisions and design reviewsFacilitate/participate in sprint planning, tracking, and retrospectives to align with project goals 

Preferred experience / Certifications:

Google Cloud Platform / Azure Certified Developer, Certified Kubernetes Administrator (CKA), or equivalentExperience with Reporting Solutions:Proficiency in building reporting solutions using third-party tools such as MicroStrategy, Tableau, Power BI, and LookerAbility to render reports on UI using iframes or REST APIsStrong understanding of data visualization principles and best practices",False,False,True,False,False,False,0,False,,dice.com
google_jobs,Senior Angular Developer,Iconvergence,Anywhere,21 days ago,,https://www.indeed.com/viewjob?jk=7d3f1083825a4e0e&utm_campaign=google_jobs_apply&utm_source=google_jobs_apply&utm_medium=organic,"Responsibilities:



 Lead the design and development of scalable, modular, and maintainable Angular components.
 Collaborate with UX/UI designers to implement responsive, user-friendly interfaces.
 Mentor and guide junior developers through code reviews, best practices, and technical discussions.
 Work with backend teams to integrate RESTful APIs and ensure smooth data flow.
 Optimize applications for speed and performance across devices and browsers.
 Identify and resolve technical issues, bugs, and performance bottlenecks.
 Maintain and improve existing codebase, refactoring where necessary.
 Stay current with the latest Angular and front-end development trends.

Qualifications:



 5+ years of professional front-end development experience.
 3+ years specifically working with Angular (v8 or later).
 Strong knowledge of TypeScript, JavaScript (ES6+), HTML5, and CSS3.
 Experience with RxJS, NgRx or other state management libraries.
 Proficient in RESTful API integration and handling asynchronous operations.
 Strong understanding of component architecture, lazy loading, and module bundling.
 Familiarity with testing frameworks such as Jasmine, Karma, or Cypress.
 Experience with Git and Agile development processes (Scrum/Kanban).
 Solid problem-solving and communication skills.

Preferred Qualifications:



 Experience with backend integration (Node.js, .NET, or Java is a plus).
 Knowledge of SAP Hybris (Commerce Cloud) and its integration with front-end applications is a strong plus.
 Familiarity with CI/CD pipelines and containerized environments (Docker, Kubernetes).
 Understanding of accessibility (WCAG) and internationalization best practices.
 Contributions to open-source Angular projects or a personal GitHub portfolio.

Job Types: Full-time, Contract


Pay: $55.00 - $60.00 per hour


Work Location: Remote",True,True,True,False,False,False,0,False,,
google_jobs,Java developer - Angular - REMOTE,Two95 International Inc.,Anywhere,,,https://jobs.workable.com/view/dyVxQd8ME6vw1ZvGgYzHMV/java-developer---angular---remote-in-cherry-hill-at-two95-international-inc.?utm_campaign=google_jobs_apply&utm_source=google_jobs_apply&utm_medium=organic,"Role: Sr. Java Developer with Angular  (MTBC-0221-12) 

Desired Start Date?ASAP 

Location: any location in the EST or CST time zone – Remote services 

Culture/Environment of Company: Fortune 500 

Role Type: Contract 

Length of Contract: 3  months with extensions


Interview Type - Phone and Skype

All candidates will go through a rigid background       check that will include fingerprinting. 

Rate : Market ( in line with the experience - 7 Yeas       in Java )


 7      years of experience as a Java Developer  ≥2      development project using Angular as a part of the development package  Expert      skills writing and coding web and rest services  High-level      experience writing workflow systems using this open source workflow package",True,False,True,False,False,False,1,False,,jobs.workable.com
google_jobs,Senior Full Stack .NET / Angular Developer (Healthcare / FHIR),TekShapers,Anywhere,13 days ago,,https://www.dice.com/job-detail/3b4164ab-b5e0-4650-b973-d9a2966e4e50?utm_campaign=google_jobs_apply&utm_source=google_jobs_apply&utm_medium=organic,"Job Title     Senior Full Stack .NET / Angular Developer (Healthcare / FHIR)

 Job Location  Remote

 Duration- FTE

 Experience level- 10+ years

 Mandatory Skills  .Net, Angular 16+ , Smart on FHIR, FHIR-compliant APIs

   

 Job Description    

 Seeking a Senior Full Stack Developer to design, develop, and own end-to-end workflows or features in healthcare applications using .NET 4.8, Angular 17+, and SQL Server. Must deliver high-quality, maintainable, and scalable code following design patterns, SOLID principles, and best practices. Experience with EMR/EHR integrations, SMART on FHIR, FHIR APIs, and Azure cloud services is required.

 Key Responsibilities

  Own and deliver  end-to-end workflows/features: design development     testing     deployment     support Build full-stack solutions using  C#, .NET 4.8, Angular 17+, TypeScript, JavaScript, HTML5, CSS3 Apply  object-oriented design, clean architecture, SOLID, and design patterns  (DI, Repository, Factory) Develop  RESTful APIs and  FHIR-compliant APIs; integrate  SMART on FHIR apps  with EMRs Build cloud solutions using  Azure Functions, App Service, Service Bus (Queues), Storage, App Configuration, Key Vault Follow  secure coding practices; manage secrets and certificates via  Azure Key Vault Use  Git  and Azure DevOps  for CI/CD, version control, and SDLC management Write  unit & integration tests:  xUnit, Jest, Jasmine, Karma Monitor, troubleshoot, and optimize performance via  Application Insights Conduct code reviews, enforce coding standards, and ensure maintainability    

 Core Skills

 Backend:  C#, .NET 4.8, REST/FHIR API, xUnit, SMART on FHIR

 Frontend: Angular 17+, TypeScript, JavaScript, HTML5, CSS3, Jest/Jasmine/Karma

 Cloud & DevOps:  Azure Functions, App Service, Service Bus, Storage, App Configuration, Key Vault, Application Insights, Azure DevOps, Git

 Data:  SQL Server (query optimization, performance tuning)  Design & Quality

  Write  clean, testable, maintainable code Apply design patterns, SOLID, and clean architecture Focus on feature-level performance, reliability, and security Conduct code reviews and enforce best practices    

 Required Experience

  Senior Full Stack development with  end-to-end workflow/feature ownership EMR/EHR integration experience Strong knowledge of  FHIR standards, SMART on FHIR, and healthcare interoperability Troubleshooting, debugging, and performance optimization    

 Preferred / Nice to Have

  Healthcare domain and HIPAA compliance  knowledge OAuth 2.0 / OpenID Connect (SMART on FHIR security) Microservices or event-driven architecture Agile / Scrum experience   

 Tekshapers is an equal opportunity employer and will consider all applications without regards to race, sex, age, color, religion, national origin, veteran status, disability, sexual orientation, gender identity, genetic information or any characteristic protected by law.",False,False,True,False,False,False,0,False,,dice.com
google_jobs,Full Stack Software Engineer (Angular + Spring Boot),Treinetic,Anywhere,,,https://www.indeed.com/viewjob?jk=04fc804379762ccf&utm_campaign=google_jobs_apply&utm_source=google_jobs_apply&utm_medium=organic,"Posted On : October 3, 2025
    
   
  
 
 
  
   
    
     
      Remote


     
    
    
    
     
      Contract Basis


     
    
   
  
 
 
 
  
   
    We are looking for an experienced Full Stack Software Engineer with more than 4 years of hands-on experience in developing robust, scalable, and high-performance applications. This role requires strong expertise in both Angular for the frontend and Spring Boot for the backend. You will design, develop, and maintain full-stack solutions while ensuring seamless integration between user interfaces and backend services. If you’re passionate about delivering high-quality software, thrive in a dynamic environment, and enjoy collaborating with cross-functional teams, this opportunity is for you.
   
  
 
 
 
  
   
    
     
      Responsibilities
     
    
    
     
      
       Design, develop, test, and maintain scalable full-stack applications using Angular and Spring Boot.
       Implement clean, efficient, and reusable code following industry best practices.
       Collaborate with UI/UX designers to create responsive, user-friendly interfaces.
       Develop and integrate RESTful APIs, GraphQL, and WebSocket-based services.
       Work with databases (SQL/NoSQL) and optimize queries for performance.
       Ensure applications are optimized for maximum performance, speed, and scalability.
       Debug, troubleshoot, and resolve frontend and backend issues.
       Write unit, integration, and end-to-end tests to maintain code quality.
       Participate in code reviews, technical discussions, and knowledge-sharing sessions.
       Stay updated with the latest trends in Angular, Spring Boot, and full-stack development.
      
     
    
   
  
 
 
 
  
   
    
     
      What we expect
     
    
    
     
      
       Bachelor’s degree in Computer Science, Software Engineering, or a related field.
       4+ years of proven experience in software development with a focus on full-stack (Angular + Spring Boot).
       Strong proficiency in Angular (latest versions), TypeScript, HTML5, CSS3, and JavaScript (ES6+).
       Expertise in Spring Boot, Java, and RESTful API development.
       Experience with state management libraries (e.g., NgRx, RxJS).
       Hands-on experience with GraphQL and WebSocket integration.
       Strong understanding of component-based architecture and modular design patterns.
       Familiarity with databases (MySQL, PostgreSQL, MongoDB, or similar).
       Knowledge of microservices architecture and containerization (Docker, Kubernetes is a plus).
       Experience with testing frameworks such as Jasmine, Karma, Jest (frontend) and JUnit, Mockito (backend).
       Strong problem-solving, debugging, and analytical skills.
       Ability to work independently in a remote, contract-based setup.
       Passion for continuous learning and adopting new technologies.
      
     
    
   
  
 
 
  
   
    
     If you’re eager to advance your career and become a valued member of a prominent company, this is an opportunity you won’t want to miss!",True,False,True,False,False,False,0,False,,
google_jobs,"Senior Full-Stack Developer; C#.Net, Angular - Remote Azure",Source Code,"Toronto, ON",15 days ago,,https://www.learn4good.com/jobs/online_remote/software_development/4844198179/e/?utm_campaign=google_jobs_apply&utm_source=google_jobs_apply&utm_medium=organic,"Position: Senior Full-Stack Developer (C#.Net, Angular) - Remote Azure
A leading software development company is seeking a Senior Full Stack Developer for a fully remote contract role. The ideal candidate will have over 5 years of experience with C#.Net and strong skills in Angular and Azure. This role includes designing accessible front-end solutions, mentoring junior engineers, and performing root cause analysis on defects. A university degree in Computer Science or a related field is required.

Join a dynamic team that values engineering excellence and agile methodologies.
#J-18808-Ljbffr",True,False,True,False,False,False,0,False,,learn4good.com
google_jobs,"Senior Front-End UX/UI Developer – Machine, Geospatial & Digital Twin (Angular)",Sharkbyte Inc.,Canada,7 days ago,,https://emplois.ca.indeed.com/viewjob?jk=57e6ef27d60ed8c8&utm_campaign=google_jobs_apply&utm_source=google_jobs_apply&utm_medium=organic,"Role Overview

We are looking for a Senior Front-End UX/UI Developer to build production-grade user interfaces for machine displays and industrial geospatial applications used directly by operators and engineering teams with one of our clients. This is a 6-month contract with strong possibility of renewal.

You will work primarily with TypeScript and modern Angular to deliver high-performance, reliable front-end software running on embedded and onboard machine systems, as well as office-based companion applications used for monitoring, planning, and analysis.

The role involves building complex, data-driven interfaces including lane networks, path geometries, intersections, safety zones, and real-time machine visualization. This includes geospatial and geomatics-based views, 2D and 3D visualizations, CAD-derived geometry, and Digital Twin concepts representing machines and their operating environments.

This is not a consumer web role. The focus is on industrial-grade software where performance, clarity, robustness, and usability directly impact operator safety, productivity, and decision-making.

What You’ll Work On
• Angular and TypeScript applications for embedded and onboard machine displays
• Geospatial and map-based UIs using OpenLayers or equivalent
• Lane, path, and intersection geometry visualization
• Real-time machine position, movement, and state rendering
• Reusable front-end UI and visualization libraries
• Safety zones, influence areas, and alert visualization
• 2D and 3D visualizations and animations
• Visualization of CAD-derived and engineering geometry
• Digital Twin representations across machine and office applications

Core Responsibilities
• Develop and maintain Angular and TypeScript front-end applications
• Design and evolve reusable UI and visualization libraries
• Translate UX designs into robust, production-ready code
• Ensure performance and stability on embedded and constrained hardware
• Implement efficient real-time data and rendering strategies
• Collaborate with UX designers, product owners, and system engineers
• Contribute to front-end architecture, standards, and best practices
• Participate in code reviews and technical design discussions

Required Skills and Experience
• 6+ years of experience with TypeScript and Angular on complex applications
• Strong front-end architecture and state management skills
• Experience building reusable component or visualization libraries
• Strong CSS skills for responsive and industrial UIs
• Experience optimizing front-end performance and rendering
• Ability to reason about spatial data and geometry

Strongly Preferred
• Experience with OpenLayers or similar geospatial libraries
• Experience with geomatics, GIS, or QGIS concepts
• Experience visualizing lane networks, paths, or CAD geometry
• 2D/3D visualization or animation experience
• Embedded, automotive, or industrial UI experience
• Digital Twin or system-representation experience
• Experience with NgRx (or similar) for state management in large-scale applications
• Monorepo or shared UI platform experience

Why This Role Matters

Your work will be used by operators and engineers worldwide to interact with complex machines and geospatial systems. The interfaces you build directly affect safety, efficiency, and productivity in demanding industrial environments.

Job Types: Fixed term contract, Freelance
Contract length: 6 months

Pay: $120,000.00-$160,000.00 per year

Benefits:
• Work from home

Work Location: Remote",True,False,True,False,False,False,0,False,CA,
google_jobs,Senior Frontend Developer for Data Training (Angular),G2i Inc.,,,,https://jobs.ashbyhq.com/g2i/6dda5e9d-8aa1-4b37-9820-8345b5930698/application?utm_campaign=google_jobs_apply&utm_source=google_jobs_apply&utm_medium=organic,"At G2i, we connect subject-matter experts with flexible, remote opportunities in AI development and training. Join us on a groundbreaking AI-driven research project where your frontend expertise will directly shape the way users interact with data and applications. This is a fully remote, flexible role where you can apply your design sense, coding skills, and problem-solving ability to make a measurable impact.

About the Role:

We are looking for a Mid-Level Frontend or Fullstack Developer to join our AI-driven statistical research project. In this role, you’ll design and build intuitive, user-facing features that make complex data clear, usable, and engaging. You’ll leverage modern JavaScript frameworks and CSS design systems to deliver professional, polished interfaces that enhance user experience.

This role is perfect if you:
• Enjoy building intuitive, user-friendly web applications.
• Have a strong eye for design and care about clean, functional UI/UX.
• Thrive on working independently while collaborating with a distributed team.

Responsibilities:
• Develop and implement user-facing features using modern JavaScript frameworks (React, Angular, Next.js, Svelte, or similar).
• Write clean, maintainable, and efficient code for frontend components.
• Apply strong UI/UX design skills to create professional, polished interfaces.
• Optimize applications for maximum usability and performance.
• Document your reasoning and ensure results are clear, reproducible, and reliable.
• (Optional) Experiment with coding agents such as Lovable/Windsurf/Replit/Cursor/etc to boost productivity.

Your Profile:
• 2–4 years of professional experience in frontend or full-stack development.
• Proficiency with at least one modern framework (React, Angular, Next.js, Svelte, etc.).
• Strong command of CSS, including frameworks like Bootstrap or Tailwind.
• A strong eye for design and user experience.
• Excellent communication and documentation skills in English.
• Bachelor’s degree in Computer Science, or a related field (preferred).
• (Bonus) Links to public web apps you’ve created to showcase your design sense: add to your CV when applying

Compensation
Hourly rates are personalized based on your experience level, educational background, location, and industry expertise. You’ll see your specific rate in your contract offer before signing. Rates for technical roles can vary significantly based on these factors and can be re-evaluated for different projects based on your performance and experience.",True,False,True,False,False,False,0,False,,
google_jobs,Senior Frontend Developer for Data Training (Angular),G2i,Canada (+13 others),24 days ago,,https://himalayas.app/companies/g2i/jobs/senior-frontend-developer-for-data-training-angular-4617879528?utm_campaign=google_jobs_apply&utm_source=google_jobs_apply&utm_medium=organic,"At G2i, we connect subject-matter experts with flexible, remote opportunities in AI development and training. Join us on a groundbreaking AI-driven research project where your frontend expertise will directly shape the way users interact with data and applications. This is a fully remote, flexible role where you can apply your design sense, coding skills, and problem-solving ability to make a measurable impact.
About the Role:

We are looking for a Mid-Level Frontend or Fullstack Developer to join our AI-driven statistical research project. In this role, you’ll design and build intuitive, user-facing features that make complex data clear, usable, and engaging. You’ll leverage modern JavaScript frameworks and CSS design systems to deliver professional, polished interfaces that enhance user experience.
This role is perfect if you:
• Enjoy building intuitive, user-friendly web applications.
• Have a strong eye for design and care about clean, functional UI/UX.
• Thrive on working independently while collaborating with a distributed team.

Responsibilities:
• Develop and implement user-facing features using modern JavaScript frameworks (React, Angular, Next.js, Svelte, or similar).
• Write clean, maintainable, and efficient code for frontend components.
• Apply strong UI/UX design skills to create professional, polished interfaces.
• Optimize applications for maximum usability and performance.
• Document your reasoning and ensure results are clear, reproducible, and reliable.
• (Optional) Experiment with coding agents such as Lovable/Windsurf/Replit/Cursor/etc to boost productivity.

Your Profile:
• 2–4 years of professional experience in frontend or full-stack development.
• Proficiency with at least one modern framework (React, Angular, Next.js, Svelte, etc.).
• Strong command of CSS, including frameworks like Bootstrap or Tailwind.
• A strong eye for design and user experience.
• Excellent communication and documentation skills in English.
• Bachelor’s degree in Computer Science, or a related field (preferred).
• (Bonus) Links to public web apps you’ve created to showcase your design sense: add to your CV when applying

Compensation
Hourly rates are personalized based on your experience level, educational background, location, and industry expertise. You’ll see your specific rate in your contract offer before signing. Rates for technical roles can vary significantly based on these factors and can be re-evaluated for different projects based on your performance and experience.",True,False,True,False,False,False,0,False,CA,himalayas.app
google_jobs,Remote Full-Stack Engineer; Scala​/Angular - Freelance,Nextbeat Singapore Pte.Ltd.,Singapore,5 days ago,,https://www.learn4good.com/jobs/online_remote/software_development/4869864169/e/?utm_campaign=google_jobs_apply&utm_source=google_jobs_apply&utm_medium=organic,"Position: Remote Full-Stack Engineer (Scala/Angular) - Freelance
A leading technology firm is seeking a full-stack engineer to work remotely on their B2B Vertical SaaS platform for the childcare industry. You will collaborate with the Japan development team to deliver high-quality code. Required qualifications include 5+ years of experience with statically typed languages, 3 years with frontend frameworks, and strong English communication skills.

This role offers a fully remote work environment, engaging with modern technologies and stable long-term projects.
#J-18808-Ljbffr",True,False,True,False,False,False,0,False,,learn4good.com
google_jobs,Fullstack Java + Angular,Link Group,,3 days ago,,https://nofluffjobs.com/pl/job/fullstack-java-angular-link-group-remote?utm_campaign=google_jobs_apply&utm_source=google_jobs_apply&utm_medium=organic,"Fullstack Developer Java + Angular

At Link Group, we specialize in building tech teams for Fortune 500 companies and some of the world's most exciting startups. Our mission is to connect talented professionals with opportunities that align with their skills, interests, and career aspirations.

We are currently looking for a Fullstack Developer with expertise in Java and Angular to join our team and contribute to innovative, cutting-edge projects in the IT sector.

About the Project

The project involves developing a modern web platform for the finance/stock exchange industry, enabling users to manage financial accounts and investments seamlessly. Our Agile teams leverage the latest technologies to create secure, high-performance, and user-friendly solutions.

What We Offer
• Tailored opportunities to match your professional interests and goals.
• A dynamic and collaborative work environment.
• Access to exciting and diverse projects for global clients.
• Competitive compensation aligned with your expectations.
• Ongoing opportunities for professional growth and development.

If you're ready to take on new challenges and work on groundbreaking projects in the IT industry, we'd love to hear from you!

Apply today and join us at Link Group to make an impact!",False,False,True,False,False,False,0,False,,nofluffjobs.com
google_jobs,"Looking for Vue, Angular expert",Bck Tech,,,,https://laborx.com/jobs/looking-for-vue-angular-expert-18626?utm_campaign=google_jobs_apply&utm_source=google_jobs_apply&utm_medium=organic,"Looking for Vue, Angular expert for the test.",False,False,False,False,False,False,0,False,,laborx.com
google_jobs,Senior Full-Stack Angular / NodeJS Web Developer - Full Remote - Contractor,careerbox.42web,United Kingdom,4 days ago,,https://careerbox.42web.io/job/senior-full-stack-angular-nodejs-web-developer-full-remote-contractor?utm_campaign=google_jobs_apply&utm_source=google_jobs_apply&utm_medium=organic,"Category: IT Services Location: For an international organization, we are urgently looking for a REMOTESenior Full-Stack Angular / NodeJS Web Developer. As a Full-Stack Angular /NodeJS Web Developer, you are responsible for designing, implementing, testing,deploying, and supporting multiple applications. Candidates need to be fluent in English. This position is long-term. Candidates need to be able to work normal European office hours Tasks and responsibilities: • Implement, test and deliver web applications and web functionalities as detailed in the JIRA system; • Contribute to architecture and software design work sessions; • Troubleshoot and remediate problems affecting the availability and functionality of web applications; • Efficiently collaborate with other team members and stakeholders; • Ensure alignment with technical standards and procedures; • Deliver complete technical and user documentation; • Perform other related duties as required; Profile • Bachelor or Master degree; • +10 years of experience as Web Developer using Angular and NodeJS; • Extensive proven experience in web software development using Angular 12+ and server-side NodeJS, preferably NestJS; • Experience developing W3C web components; • Good teamwork skills; • Excellent analytical and communication skills; • Spoken and written English; Interested: Please send your resume to apply@goproconsultancy.com Details Apply tot his job",True,False,True,False,False,False,0,False,UK,careerbox.42web.io
google_jobs,"Frontend Developer(React.js) – Contractor (20 hrs/week, $40/hr)",Valce Talent Solutions,Anywhere,,,https://himalayas.app/companies/valce-talent-solutions/jobs/frontend-developer-react-js-contractor-20-hrs-week-40-hr?utm_campaign=google_jobs_apply&utm_source=google_jobs_apply&utm_medium=organic,"We’re driving a Go-to-Market (GTM) systems transformation to enable scalable growth across Sales, Marketing, and Customer Success. As part of this initiative, we’re enhancing our front-end architecture and integration across our revenue tech stack. We're looking for a Frontend Developer (contract) to contribute to demand generation and sales enablement efforts through high-impact UI development.
Key Responsibilities
• Build and maintain marketing web pages and UI components with React, HTML, CSS, and JavaScript.
• Develop reusable templates and components aligned with GTM initiatives.
• Integrate and configure CMS platforms such as Webflow, WPEngine, and Document360.
• Support plugin development and advanced CMS customization.
• Ensure responsive design, accessibility, and cross-browser compatibility.
• Collaborate with Marketing, Design, and RevOps teams.
• Participate in QA, version control, and code review processes.

Requirements
• 3+ years of experience with React, JavaScript, jQuery, SASS, Redux, and Node.js.
• Experience with Webflow, WordPress, and HubSpot CMS.
• Strong grasp of SEO and performance optimization best practices.
• Familiarity with Google Tag Manager and Google Analytics integration.
• Proficient in front-end debugging and responsive design.

Nice to Have
• Experience in SaaS or B2B environments.
• Self-starter with strong problem-solving skills.
• Effective communication in remote collaboration.",True,False,True,False,False,False,0,False,,himalayas.app
google_jobs,ReactJS Developer - 100% Remote,iitjobs inc,Anywhere,,,https://www.iitjobs.com/job/reactjs-developer-100-remote-san-jose-ca-usa-149152?utm_campaign=google_jobs_apply&utm_source=google_jobs_apply&utm_medium=organic,"Join iitjobs as a ReactJS Developer and take your career to new heights! We are looking for a talented professional to architect, build, and maintain modular and reusable components that not only exemplify coding excellence but also adhere to the highest industry standards. If you're passionate about crafting top-tier solutions and thrive in a dynamic environment, we want to hear from you!ReactJS Developer100% RemoteWe are seeking candidates who can work exclusively on our W2 and are open to relocation.Required Skills and Experience:-5+ years of experience with JavaScript, ReactJS, Angular, and HTML5/CSS3.Advanced proficiency in React.js, React-router,Strong command of HTML5, CSS3, and JavaScript along with modern frontend build tools and workflows.Experience in AI/ML and API applications.Bachelor's or a Master s degree in computer science, Software Engineering, or related field with relevant experienceInterested candidates please share your resumes with janaki@iitjobs.com",False,False,True,False,False,False,0,False,,iitjobs.com
google_jobs,Front-End React Developer,Singlemind,Anywhere,,,https://www.indeed.com/viewjob?jk=2a616526e3d71742&utm_campaign=google_jobs_apply&utm_source=google_jobs_apply&utm_medium=organic,"This is a remote contract position with an initial project duration of 2-5 months, with potential for continued collaboration based on project success. Pacific Daylight Time core business hours.

Who is Singlemind?
Based in the Pacific Northwest, Singlemind is a digital design and development agency that specializes in creating compelling digital solutions including applications, websites, and IoT products. Working collaboratively with clients, our teams help companies build, launch, and scale new concepts and products that keep them competitive in today's digital landscape.

Who we are looking for
We have an immediate opening for a React developer to work on an exciting prototype project. The ideal candidate will be able to build a clean, maintainable frontend while working directly with the client's UX/Product team and collaborating with our senior developers on an architectural approach. This role will be managed by our Customer Success Manager to ensure smooth project delivery.

Primary Requirements
• You are comfortable working directly with client UX/Product teams
• You enjoy rapid iteration and feedback cycles
• You love working with GraphQL APIs to bridge communication between apps
• You are comfortable working with senior developers for architectural guidance

Minimum Qualifications
• Strong expertise with React, NextJS, and TypeScript as the core tech stack
• Experience with GraphQL APIs and integration
• Understanding of building maintainable code while balancing rapid prototype development needs
• Experience with translating Figma designs to code

The Ideal Candidate
• Experience with prototype development and MVP iterations
• You're familiar with modern design tools as part of engineering/design collaboration (Figma, etc)
• You're fluent in code repositories and team branch/merge flows (Git)
• You're willing to take ownership of your own quality
• You're experienced working as a member of a professional services team
• You enjoy working collaboratively

Compensation
Hourly rate will be based on experience and qualifications.

About Us
We are a globally distributed team of professionals with the large majority of our team located in Oregon. We work flexible hours and operate as a team. Our clients range from small well-funded start-ups to large multi-billion dollar international companies. We truly believe in a balanced work/life ethic. Singlemind is an Equal Opportunity Employer.

This is a remote contract position with an initial project duration of 2-5 months, with potential for continued collaboration based on project success. Pacific Daylight Time core business hours.",True,False,True,False,False,False,1,False,,
google_jobs,Remote - React JS Developer,Intone Networks,Anywhere,,,https://www.techfetch.com/job-description/react-js-developer-remote-work-from-home-j3622718?utm_campaign=google_jobs_apply&utm_source=google_jobs_apply&utm_medium=organic,"Job Title: React JS Developer
Basking Ridge, NJ - Hybrid Day 1 - Onsite 3 days weekly
Job Summary: The ideal candidate will have expertise in HTML 5, Micro Frontends, React Js, and Web Development. This hybrid role involves working on innovative projects that contribute to our company's growth and societal impact. The position operates during the day shift with no travel requirements.
Experience: 6+ years
Required Skills:
1. UI / UX - Micro front end Experience
2. React/Redux/SSR/IONIC, HTML5/CSS/JavaScript
3. Any Knowledge on API s and Java Spring boot is a PLUS.
Responsibilities:
Developers are responsible for understanding the low-level design and working on the development of medium to highly complex systems.
Skills include system design and analysis as well as business skills.
Works with data and project managers to understand systems and consults with subject matter experts to understand needs.
Developments and implements new systems, corrects software errors in existing systems, and works to improve performance through hardware upgrades.
Manages computer systems in a business environment and responsible for resolving technical issues.
Knowledgeable in programming, data structures, computer systems, and software engineering.
Ability to manage multiple assignments.
Superior written and oral communication skills.",False,False,True,False,False,False,0,False,,techfetch.com
google_jobs,Senior React Developer (Remote / Contract),Jun Group,Anywhere,,,https://careervault.io/remote/jun-group-25208/software/senior-react-developer-remote-contract-new-york-ny-5294348/?utm_campaign=google_jobs_apply&utm_source=google_jobs_apply&utm_medium=organic,"Jun Group is a technology company building a world where consumers are in control of their data and advertisers can reach them directly. Intelligent advertising that inspires trust is our guiding principle. We’re passionate about making advertising better for everyone through our consent-based approach that empowers the world’s largest publishers, brands, and agencies to achieve their goals with integrity, transparency, and peace-of-mind.

We are looking for a Senior React Developer to join our development team. You will take a leading role in developing and enhancing our core WebView-based ad player, which is a critical component of our mobile AdTech SDKs for iOS and Android. This position is full-time and remote-friendly.

Responsibilities
• Take charge of the end-to-end development lifecycle for our React-based player, from technical design and requirement clarification to implementation, testing, and deployment.
• Lead the development and maintenance of our React-based WebView player, ensuring high performance and reliability on mobile devices.
• Build and deploy responsive, mobile-first UIs using React and TypeScript, with a deep understanding of the constraints and capabilities of a mobile WebView environment.
• Collaborate with Product Managers to flesh out features and translate product vision into robust technical solutions.
• Work closely with our iOS (Swift) and Android (Kotlin) SDK developers to design, implement, and debug the JavaScript bridge for seamless communication between the WebView and native mobile code.
• Write comprehensive unit and integration tests to ensure code quality and application stability.
• Actively participate in code reviews, providing and incorporating constructive feedback to maintain high code standards.

Here are a few indicators that you're the right person
• You possess a strong development background with a passion for producing clean, performant, and maintainable applications in TypeScript.
• You have a deep understanding of the web platform and are acutely aware of the differences between a full-fledged browser and a mobile WebView.
• You are a proactive owner, comfortable taking a feature from an idea to a polished, production-ready implementation.
• You have a strong vision of how technology blends with business and take pride in the successful deployment of solutions.
• You enjoy a fun, creative, and diligent work environment and working with a dynamic group of skilled individuals.
• You have good communication skills and a team mentality.

Required Skills and Experience
• 5+ years of professional software development experience, with a significant focus on React.
• Expertise in TypeScript and modern JavaScript (ES6+), HTML5, and CSS3.
• Demonstrable experience building complex, responsive UIs with React, specifically for mobile web browsers and WebViews.
• Strong understanding of the nuances of running a web application inside a mobile WebView versus a standard browser (e.g., performance considerations, lifecycle events, security, local storage limitations).
• Proficiency with state management libraries (e.g., Redux, Zustand, or Context API).
• Solid understanding of Git and GitHub for version control.
• Experience writing and executing unit and integration tests (e.g., Jest, React Testing Library).

Preferred Qualifications
• Direct experience creating or working with a JavaScript bridge for communication between a WebView and native mobile code (Swift/Kotlin).
• Professional experience in the AdTech industry (e.g., VAST, MRAID, Open Measurement).
• Familiarity with mobile development in Swift (iOS) or Kotlin (Android).
• Experience with video or interactive media players.

Working Environment
• Agile development methodology with a focus on iterative development and continuous improvement.
• Emphasis on rigorous code inspection and quality assurance.
• Collaborative environment with experienced team members.
• Strong commitment to unit and integration testing.

We’re open to allowing the right person to learn our industry on the job. We welcome diversity and non-traditional paths into all of our roles. We believe in hiring the right person as opposed to the right combination of keywords.

Communications regarding your application will only come from @jungroup.com or @hyprmx.com email addresses.",True,True,True,False,False,False,0,False,,careervault.io
google_jobs,Senior Frontend React Developer (Remote),Hostfully,Anywhere,,,https://wellfound.com/jobs/2102289-senior-frontend-react-developer-remote?utm_campaign=google_jobs_apply&utm_source=google_jobs_apply&utm_medium=organic,"We are looking for a self-driven passionate Senior Frontend Developer to join our growing team.

You would be a key frontend developer working on our flagship product, the Property Management Platform with a team of about a dozen other engineers, quality assurance engineers, and product managers.

We're looking for someone who has a focus on quality and a sense of pride in their work. This person should also be able to be assertive and also flexible, while also being excited and curious about finding the best ways to solve problems within the context of our business strategy. Communication and team building skills are also key to success.

Hostfully is an award winning platform and company. The company won the prestigious VRMB award for Best All Around Property Management Software for short term and vacation rentals. and we also won the 2022 Shortyz Award for Best Property Management System. Hostfully’s Guidebooks are also known as the industry’s best-in-class solution for the guest experience. We are disrupting the vacation rental industry with new technology that transforms the lives of our customers. We are preferred partner of Airbnb, Vrbo, and Booking.com and are also integrated with over 60 software partners including Stripe, Paypal and Google.

Hostfully is a market leader when it comes to employee satisfaction. We are a remote-first company and pride ourselves on creating a great place to work, where people are given flexibility around their work habits. We are intentional with meetings and don't overschedule ourselves. We celebrate not just team wins but also life ""wins"" like birthdays and major life events including new children in the family. Our employee net promoter score is over 80 for 10 quarters running. (For reference, industry standards have ""good"" at 15 and ""best"" at 40). We are also a climate positive company and have been for the last three years and also have won the VRMA industry award for Diversity, Equity, and Inclusion.

Our customers are short term rental and vacation rental managers who manage between 5-1,000 properties. They rely on Hostfully’s platform to run their business, including:
• Instant distribution across leading bookings platforms Airbnb, Booking.com, Vrbo and Google
• Streamline and automate operations
• Automate and ease communications with travelers and owners

We are looking for a self-driven developer to build our products -- making them more powerful and easier to use for our customers. A successful candidate will have a love of all things React and a solid experience creating reusable components and building user-friendly interfaces.

Your main goals will be to join together with the team in increasing development velocity. You will take ownership of a few key components in the system that are essential for customers and your work will make a real impact on the business. We’re looking for an entrepreneurial individual who thrives on challenges and is looking for an opportunity to take their experience to the next level.

What You Will Do:
• Work with a great team of senior developers to improve the Hostfully Property Management Platform
• Take ownership of a few key components of the system
• Participate in agile ceremonies
• Build for scalability, stability, performance, security and reusability
• Promote best practices within the team

Skills Required:
• Bachelor's degree in computer science, web development, software development, or related field
• 4+ years of frontend development for complex web applications using React
• Web development fundamentals, including JavaScript, TypeScript and Redux
• Successful track record of using design patterns to solve problems
• Responsive design
• UI/UX experience, keen business awareness skills and empathy for the customer
• Strong experience debugging client-side performance issues
• History implementing the shift left strategy, including automated unit testing, preferably with Cypress
• Expertise with integrating UIs with REST APIs and GraphQL
• Working knowledge of OAuth or other API authorization protocol
• Relational databases such as MySQL
• Agile and test-driven development best practices
• Excellent written and verbal communication skills

Nice to have:
• Familiarity with AWS is a plus
• Experience with short term rental property management is a plus

About You:
• Passionate about solving world-changing problems in the vacation rental industry
• Enjoy being part of a dynamic, fast-growing startup
• Take ownership of your work
• Apreciate process and communication

What We Offer:
• Remote work
• Generous vacation
• Flexible working hours
• Generous maternity and paternity leave
• Equity benefits
• We cover business travel expenses
• Solve big, challenging problems in a stimulating, dynamic environment
• Work closely with a tight-knit team

Ideal Candidate
• Fluent English with solid oral and written communication skills
• Familiar with Jira, Confluence, IntelliJ, Bitbucket, SQL, AWS
• Enthusiasm for receiving, sharing and acting on feedback
• Passion for working closely with a small team to collaborate and drive personal improvement

Hostfully's co-founders are based in San Francisco and we are a completely remote team. For this role, we are searching for someone who is near the EST timezone, or in Europe to make it easier to schedule and plan meetings. Our development team is located in the US, Canada, Argentina, Brazil, Chile, France, Poland, Kosovo, the Czech Republic, Turkey.

We do not not discriminate on the basis of race, color, religion, sex, age, national origin, veteran status, sexual orientation, gender identity, disability, or any other basis of discrimination prohibited by law.",False,False,True,True,False,False,0,False,,wellfound.com
google_jobs,Java/React Developer--Remote,C4 Technical Services,Anywhere,22 days ago,,https://www.dice.com/job-detail/68b87a6d-4a76-47f8-9299-06d484fe3f4c?utm_campaign=google_jobs_apply&utm_source=google_jobs_apply&utm_medium=organic,"Java/React Developer

Through Dec 2026

Remote

Sr. JAVA Developers are responsible for the development, programming, and coding of Information Technology solutions. Senior IT Developers are responsible for documenting detailed system specifications, participation in unit testing and maintenance of planned and unplanned internally developed applications, evaluation and performance testing of purchased products. Senior IT Developers are responsible for including IT Controls to protect the confidentiality, integrity, as well as availability of the application and data processed or output by the application. Senior IT Developers lead efforts, oversee work results, provide training and serve as a technical resource for other Developers.

REQUIREMENTS:
Experience with unit testing, release procedures, coding design and documentation protocol as well as change management procedures
Proficiency using versioning tools: GIT, GNU, RCS, SCCS, CVS, SVN, Mercurial, Monotone, etc
Demonstrated organizational, analytical and interpersonal skills
Flexible team player
Ability to manage tasks independently and take ownership of responsibilities
Ability to learn from mistakes and apply constructive feedback to improve performance
Must demonstrate initiative and effective independent decision-making skills
Ability to communicate technical information clearly and articulately
Ability to adapt to a rapidly changing environment
In-depth understanding of the systems development life cycle
Proficiency programming in more than one object-oriented programming language; JAVA, JavaScript, Python, C#, C++, and PHP

o Experience with HTML and Frameworks such as; React.Js, Node.JS, and EXPRESS

o Experience with SOAP, REST web service development

o May include learning languages such as; Hadoop, Storm, Spark, Kafka, Hive, NFI, Scoop, etc

o May include database knowledge in; SQL, MySQL, Oracle DB, PostgreSQL, Cassandra, MongoDB, etc
Proficiency using standard desktop applications such as MS Suite and flowcharting tools such as Visio
Proficiency using debugging tools; Advanced Debugger, Allinea DDT, AQtime,, ARM, CA/EZTEST, etc
High critical thinking skills to evaluate alternatives and present solutions that are consistent with business objectives and strategy
Manipulate data from various sources / formats such as: flat files, relational databases, non-relational databases, XML, JSON, etc.

PREFERRED QUALIFICATIONS:

The preferred qualifications listed below reflect desired knowledge, skill, and/or experience.

Additional Preferred Qualifications:
Various Domain experience; Health Care, Financial, etc
Experience using Agile, Waterfall, or hybrid methodology
Specific tools, languages and specialty skills may vary
Sr level Java & React.js on the job experience

Required Work Experience:

5+ years related work experience, Professional experience with technical design and coding in the IT industry

Required Education:

Related Bachelor's degree or related work experience

#DICE",False,False,True,False,False,False,0,False,,dice.com
google_jobs,Front End Developer - React / React Native,Build in Motion,Anywhere,,,https://www.indeed.com/viewjob?jk=ce9d18f838639e0f&utm_campaign=google_jobs_apply&utm_source=google_jobs_apply&utm_medium=organic,"POSITION IS 100% REMOTE / WORK FROM HOME
POSITION IS 6-12 MONTH CONTRACT TO HIRE

Build in Motion is seeking an experienced Front-End Developer interested in building first-class applications with a dynamic team for a great stable of clients.

As a developer on our team, you will be creating custom software for leading-edge web, mobile and hardware (IOT) technologies and be expected to deliver programmatic experiences that delight our customers and exceed their expectations.

We currently have an immediate need for an Intermediate or Senior level Front-End Developer. Qualified candidates will have 3+ years of experience developing software in a professional setting and be proficient working with the following stack:
• ReactJS / React Native
• TypeScript / Javascript
• NodeJS
• MongoDB
• REST Services
• HTML5 / CSS3

Other technologies heavily used at Build in Motion include the following. Experience and proficiency in these technologies will be considered.
• .NET and .NET Core
• C++ and C#
• SQL and NoSQL databases (e.g. SQL Server, MongoDB)
• CI / CD technologies

Bonus points if you have experience with, or have a desire to learn any of the following skills:
• AWS
• Angular
• iOS / Swift / Objective-C
• Android / Java / Kotlin
• PHP / MySQL

We offer medical benefits, paid time off, flexible schedules with full-time work-from-home.

At Build in Motion, we work hard, have fun, help each other become better programmers, and most importantly we deliver the best software for our clients. We think it’s the perfect environment for a passionate programmer to create, contribute, learn and grow.

If this sounds like a good fit for you, please submit your resume and any portfolio or code samples you think may be helpful.

A background check will be performed prior to employment.

Salary is dependent on experience.

Must be legally authorized to work in the United States.",True,True,True,False,False,False,1,False,,
google_jobs,Remote Java React Developer SQL & Git,COOLSOFT,Anywhere,4 days ago,,https://www.learn4good.com/jobs/online_remote/software_development/4872560679/e/?utm_campaign=google_jobs_apply&utm_source=google_jobs_apply&utm_medium=organic,"Position: Remote Java React Developer with SQL & Git (Contract)
A software development company is looking for a Developer to support web application development in Java and JavaScript. This role involves working within an agile team to enhance existing applications and create new ones. Candidates should have mid-level experience in Java and JavaScript, along with skills in web applications and front-end frameworks like React. The position is open to remote candidates across the continental US, offering flexibility and chances for extension.
#J-18808-Ljbffr",True,False,True,False,False,False,0,False,,learn4good.com
google_jobs,[Remote] React Developer - Mid Level,Lumenalta,Anywhere,9 days ago,,https://jobright.ai/jobs/info/69899f570f6f7e7a2ce49f43?utm_campaign=google_jobs_apply&utm_source=google_jobs_apply&utm_medium=organic,"Note: The job is a remote job and is open to candidates in USA. Lumenalta is a company that creates impactful software solutions to drive innovation and transform businesses. They are seeking a React Developer to help launch innovative digital products for enterprise companies, requiring creativity and problem-solving skills in complex industries.

Responsibilities
• 3+ years of professional experience (A technical assessment will be required)
• Experience with Javascript, React, Redux, Websockets, Async/Await
• Ability to create clean, modern, testable, well-documented code
• Advanced English fluency, verbal and written
• Professional, empathic, team player
• Problem solver, proactive, go-getter

Skills
• 3+ years of professional experience (A technical assessment will be required)
• Experience with Javascript, React, Redux, Websockets, Async/Await
• Ability to create clean, modern, testable, well-documented code
• Advanced English fluency, verbal and written
• Professional, empathic, team player
• Problem solver, proactive, go-getter
• Exposure to Logistics, FinTech, Transportation, Insurance, Media or other complex multifactor industries

Benefits
• Flexible working hours in a remote environment.
• Health insurance (medical and dental) for W2 Employees.
• 401K Contribution.
• A professional development fund to enhance your skills and knowledge.
• 15 days of paid time off annually.
• Access to soft-skill development courses to further your career.

Company Overview
• Lumenalta is a software and app development company that creates unique digital transformation solutions using innovative technology. It was founded in 2000, and is headquartered in New York, New York, USA, with a workforce of 501-1000 employees. Its website is https://lumenalta.com/.",False,False,True,False,False,False,0,False,,jobright.ai
google_jobs,Front End UI React Developer,Robert Half,Anywhere,5 days ago,,https://www.dice.com/job-detail/c5dfff15-7d6d-4677-9d5c-d7bb351c1a75?q=qa&utm_campaign=google_jobs_apply&utm_source=google_jobs_apply&utm_medium=organic,"Description

 Front-End UI Developer (Hybrid - Contract-to-Hire) Location: Des Moines, IA (Hybrid; MUST be able to come onsite quarterly or for major meetings) 

We are seeking a PURLEY Front-End UI Developer with strong experience in modern JavaScript frameworks-particularly React-to help build secure, scalable, and high-performance web applications in a regulated industry environment. This role focuses on developing new customer-facing and internal platforms that support complex business workflows. You'll work closely with product, UX, engineering, and QA teams to translate detailed designs into intuitive, responsive, accessible interfaces. Ideal candidates are hands-on, self-sufficient developers who thrive in modern front-end ecosystems and enjoy working on new builds rather than legacy systems.

Responsibilities - Develop high-quality UI components using React, React Hooks, TypeScript, JavaScript, and modern tooling. - Build and optimize front-end applications using Vite (and/or Webpack). - Implement clean, accessible layouts with Bootstrap, MUI, Tailwind, Sass, and CSS3. - Translate detailed UX designs into production-ready experiences. - Integrate front-end applications with RESTful APIs. - Participate in code reviews, testing, and collaborative Agile ceremonies. - Contribute to shared design systems and reusable component libraries. - Stay current on emerging front-end trends and suggest improvements to performance and security. 

Required Skills & Experience - 5+ years of front-end development experience. - Strong proficiency with React, including Hooks (useState, useEffect, useMemo, useCallback, custom hooks). - Solid experience with TypeScript and modern JavaScript (ES6+). - Strong understanding of HTML5, CSS3, responsive design, and cross-browser compatibility. - Experience with UI frameworks such as Bootstrap, MUI, Tailwind. - Hands-on experience with Vite or similar build tools. - Ability to integrate with REST APIs and work with structured data. - Experience in Agile or hybrid delivery environments. - Self-starter with strong problem-solving and analytical skills. 

Nice to Have: - Experience with Vue.js - Familiarity with secure coding in regulated industries - Cloud exposure (AWS/Azure) 

What's in It for You - Work on all new development-no legacy maintenance - Exposure to cutting-edge tools and frameworks - Implementation of Agentic AI - Collaborative, innovative team culture - Contract-to-hire opportunity with long-term growth potential - Flexible hybrid schedule (local candidates strongly preferred) 

 Requirements

 React.js, JavaScript, CSS, HTML, Front-End Frameworks, React Hooks, Typescript, API - Application Programming Interface, Webpack, Bootstrap, Tailwind CSS   

 Technology Doesn't Change the World, People Do. 

Robert Half is the world's first and largest specialized talent solutions firm that connects highly qualified job seekers to opportunities at great companies. We offer contract, temporary and permanent placement solutions for finance and accounting, technology, marketing and creative, legal, and administrative and customer support roles.

Robert Half works to put you in the best position to succeed. We provide access to top jobs, competitive compensation and benefits, and free online training. Stay on top of every opportunity - whenever you choose - even on the go. Download the Robert Half app and get 1-tap apply, notifications of AI-matched jobs, and much more.

All applicants applying for U.S. job openings must be legally authorized to work in the United States. Benefits are available to contract/temporary professionals, including medical, vision, dental, and life and disability insurance. Hired contract/temporary professionals are also eligible to enroll in our company 401(k) plan. Visit roberthalf.gobenefits.net for more information.

  2025 Robert Half. An Equal Opportunity Employer. M/F/Disability/Veterans. By clicking ""Apply Now,"" you're agreeing to Robert Half's Terms of Use and Privacy Notice.",True,True,False,False,False,False,0,False,,dice.com
google_jobs,"UI Developer, ReactJS",Gov Services Hub,Anywhere,,,https://www.remoterocketship.com/company/govserviceshub/jobs/ui-developer-reactjs-united-states-remote/?utm_campaign=google_jobs_apply&utm_source=google_jobs_apply&utm_medium=organic,"Job Description:

 Develop, enhance, and maintain user interfaces using ReactJS and related technologies. Implement reusable components, state management, and React lifecycle methods to ensure application performance and maintainability. Work with React Hooks, Props, and design patterns to deliver scalable solutions. Collaborate with backend developers to integrate UI components with Node.js frameworks such as Express or Loopback. Ensure application responsiveness, cross-browser compatibility, and adherence to UI/UX best practices. Participate in code reviews, troubleshooting, and performance tuning of applications. Stay updated with emerging technologies and propose improvements to enhance product quality.Requirements:

 5+ years of experience Strong proficiency in JavaScript (ES6+) and TypeScript Solid understanding of ReactJS fundamentals, including lifecycle management, state management, and hooks. Hands-on experience with Props, design patterns, and modular component development. Experience working with Node.js frameworks (Express, Loopback, etc.) for integration. Knowledge of version control systems (e.g., Git). Strong problem-solving and debugging skills. Excellent communication and teamwork abilities.Benefits:

 Health insurance Flexible working hours Remote work options",False,False,True,False,False,False,0,False,,remoterocketship.com
google_jobs,ReactJS Developer; Remote,TEKsystems,Anywhere,,,https://www.learn4good.com/jobs/online_remote/info_technology/4664352427/e/?utm_campaign=google_jobs_apply&utm_source=google_jobs_apply&utm_medium=organic,"Position: ReactJS Developer (Remote) Location: New York Join to apply for the React JS Developer (Remote) role at TEKsystemsJoin to apply for the React JS Developer (Remote) role at TEKsystemsGet AI-powered advice on this job and more exclusive features.Remote | Hybrid Option (New York Area) Full-Time | 6-Month Contract | Potential for Extension or Full-Time Hire About The RoleReact JS Developer Remote | Hybrid Option (New York Area) Full-Time | 6-Month Contract | Potential for Extension or Full-Time Hire About The Role We’re seeking a skilled and motivated React JS Developer to join a dynamic team focused on delivering high-quality, scalable web applications. This is a great opportunity for someone who thrives in a fast-paced environment, enjoys solving complex problems, and is passionate about front-end development. Key Responsibilities Design, develop, and maintain responsive web applications using React JS and modern JavaScript frameworks.Translate business requirements into technical specifications and clean, efficient code.Build and maintain native web components and reusable UI elements.Collaborate with cross-functional teams to define, design, and ship new features.Conduct code reviews, write unit tests, and ensure high performance and responsiveness.Troubleshoot and resolve production issues with minimal supervision.Contribute to the evolution of development standards and best practices.Mentor junior developers and support knowledge sharing across the team.Must-Have Skills4–6 years of experience in front-end development or related IT environments.Strong proficiency in React JS, JavaScript, Type Script, HTML5, and CSS 3.Experience with Vanilla JavaScript, Webpack, and native web components.Familiarity with Junit and Jasmine testing frameworks.Solid understanding of software development principles and deployment practices.Excellent problem-solving, communication, and collaboration skills.Nice-to-HaveExperience working in Agile environments.Exposure to cloud platforms or CI/CD pipelines.Interest in mentoring and contributing to internal development communities.Work DetailsStart Date: ASAPContract Length: 6 monthsExtension/FTE Potential: YesLocation: Fully remote; hybrid option available for candidates in the New York areaHours: 9 AM – 5 PM ESTIf you're a passionate developer ready to make an impact and grow with a forward-thinking team, we’d love to hear from you! Pay And Benefits The pay range for this position is $70.00 - $85.00/hr. Eligibility requirements apply to some benefits and may depend on your job classification and length of employment. Benefits are subject to change and may be subject to specific elections, plan, or program terms. If eligible, the benefits Available For This Temporary Role May Include The FollowingMedical, dental & visionCritical Illness, Accident, and Hospital401(k) Retirement Plan – Pre-tax and Roth post-tax contributions availableLife Insurance (Voluntary Life & AD&D for the employee and dependents)Short and long-term disabilityHealth Spending Account (HSA)Transportation benefitsEmployee Assistance ProgramTime Off/Leave (PTO, Vacation or Sick Leave)Workplace Type This is a fully remote position. Final date to receive applications This position is anticipated to close on Jul 31, 2025. h4> About TEKsystems: We're partners in transformation. We help clients activate ideas and solutions to take advantage of a new world of opportunity. We are a team of 80,000 strong, working with over 6,000 clients, including 80% of the Fortune 500, across North America, Europe and Asia. As an industry leader in Full-Stack Technology Services, Talent Services, and real-world application, we work with progressive leaders to drive change. That's the power of true partnership. TEKsystems is an Allegis Group company. The company is an equal opportunity employer and will consider all applications without regards to race, sex, age, color, religion, national origin, veteran status, disability, sexual orientation, gender identity, genetic information or any characteristic protected by law. About TEKsystems And TEKsystems Global Services We’re a leading provider of business and technology services. We accelerate business transformation for our customers. Our…",True,True,True,False,False,False,0,False,,learn4good.com
google_jobs,Senior React and NextJS Web Developer,Namefi,Anywhere,,,https://wellfound.com/jobs/2993781-senior-react-and-nextjs-web-developer?utm_campaign=google_jobs_apply&utm_source=google_jobs_apply&utm_medium=organic,"Senior React and NextJS Web Developer (Remote)
At Namefi, we're pioneers in tokenizing domain name ownership and elevating the interaction between DNS record management and blockchain technology. As we expand our team, we are looking for a Senior Front-End Web Developer who is not only proficient in modern development tools but also embodies our ethos of continuous learning and integrity.



Requirements


Responsibilities

Develop and maintain high-quality front-end applications with React, Next.js, and TypeScript.


Optimize applications for maximum speed and scalability.


Leverage Figma for UI/UX design implementations tailored to enhance user interaction.


Utilize various component libraries and UI frameworks effectively.


Implement and manage front-end hosting environments with AWS, ensuring optimal performance and reliability.


Collaborate with cross-functional teams to translate business needs into technical specifications and architectural improvements.



Language and Communication

Professional proficiency in English: Must be able to effectively communicate in both written and oral English.


Additional Languages: Speaking a language no one in the team could already speak is a strong plus, enhancing our team's diversity and multilingual capabilities.



Requirements

Experience: Minimum of 6000+ work hours (typically 3 years full-time) in a professional front-end development environment.


Skills:


High proficiency in React, npm, TypeScript, Next.js, and Git.


Expertise in CSS and SASS for sophisticated design implementations.


Strong ability in front-end performance profiling and using bundlers.


Problem Solving: Ability to generate multiple solutions for complex problems, understand immediate and extended implications, and make informed design choices.


Leadership: Demonstrated experience in leading small teams, mentoring junior staff, or teaching technical courses, either internally or externally.


Cultural Fit: Strong sense of ownership and self-driving in a remote work environment, commitment to continuous learning, open mindset, DRY and composibility



Desirable

Multilingual capabilities are a strong plus, especially if you speak a language no one else in the team does.


Visible past work through open-source contributions, hackathons, public contests, or academic publications.


Great people work with great people and grow together. We would love to hear your career stories about how you learned from your teammates and helped your teammates grow.




Benefits


What We Offer

A vibrant and innovative culture with a team that is deeply committed to the values of integrity and open-mindedness.


Opportunities for personal growth and professional development including hackathons, workshops, and access to cutting-edge technologies.


Competitive compensation package and benefits.




If you're looking to make a significant impact in the front-end landscape and thrive in a dynamic and supportive environment, we would love to work with you!



Namefi is an equal opportunity employer. We celebrate diversity and are committed to creating an inclusive environment for all employees.",False,True,True,False,False,False,1,False,,wellfound.com
google_jobs,UI Developer/Lead (React and Node.js),Brillio,Anywhere,18 hours ago,,https://www.linkedin.com/jobs/view/ui-developer-lead-react-and-node-js-at-brillio-4373079213?utm_campaign=google_jobs_apply&utm_source=google_jobs_apply&utm_medium=organic,"UI Developer/Lead (React.js and Node.js) Experience




About Brillio:




Brillio is one of the fastest growing digital technology service providers and a partner of choice for many Fortune 1000 companies seeking to turn disruption into a competitive advantage through innovative digital adoption. Brillio, renowned for its world-class professionals, referred to as ""Brillians"", distinguishes itself through their capacity to seamlessly integrate cutting-edge digital and design thinking skills with an unwavering dedication to client satisfaction.

Brillio takes pride in its status as an employer of choice, consistently attracting the most exceptional and talented individuals due to its unwavering emphasis on contemporary, groundbreaking technologies, and exclusive digital projects. Brillio's relentless commitment to providing an exceptional experience to its Brillians and nurturing their full potential consistently garners them the Great Place to Work® certification year after year.




UI Developer/Lead (React, Node)




Primary Skills

React, Node, TypescriptsJob requirements




Role: UI Developer/Lead (React and Node.js)

Years of Experience: 10+ years

Location: Remote/Hybrid (San Ramon, CA- Coppel, TX - Seattle, WA - Edison, NJ)

 

As a consultant within the Vertical team, you will work with our clients to define their digital strategy and execution roadmap, and design and implement differentiated digital solutions to help deliver measurable value.

 

Job Description:

10+ years focused on web development.Deep knowledge of React, Cordova, NodeJS, Typescript, and HTML5+ years of experience in building ReactJS applications using React in complex applications.Expertise in building and maintaining large-scale web applications.Deep understanding of Javascript and HTML ecosystems with experience delivering web UIs as a feature developerExpertise in writing tests for complex applications.Experience with CI/CD, version control, defect tracking, and build systems.Knowledge of web and mobile security. 

Why should you apply for this role?

As Brillio continues to gain momentum as a trusted partner for our clients in their digital transformation journey, we strive to set new benchmarks for speed and value creation. The DI team at Brillio is at the forefront of leading this charge by reimagining and executing how we structure, sell and deliver our services to better serve our clients.

 

PPE: https://www.brillio.com/platform-and-product-engineering/

 

Know what it’s like to work and grow at Brillio: https://www.brillio.com/join-us/

 

Equal Employment Opportunity Declaration

Brillio is an equal opportunity employer to all, regardless of age, ancestry, colour, disability (mental and physical), exercising the right to family care and medical leave, gender, gender expression, gender identity, genetic information, marital status, medical condition, military or veteran status, national origin, political affiliation, race, religious creed, sex (includes pregnancy, childbirth, breastfeeding, and related medical conditions), and sexual orientation.

 

#LI-RJ1",False,False,True,False,False,False,0,False,,
google_jobs,"React Developer - Mountain View, CA(Hybrid, 2 days a week Onsite)",Georgia IT Inc,Anywhere,,,https://lensa.com/job-v1/georgia-it-inc/remote/react-developer/10f68558b2233ce553eeb9f48cec705a?utm_campaign=google_jobs_apply&utm_source=google_jobs_apply&utm_medium=organic,"React Developer 
Location: Mountain View, CA(Hybrid, 2 days a week Onsite)  
Duration: Contract 
Rate: DOE 
US Citizens, GC, EAD ( H4, L2), E3 TN visa holders preferred, NO third party corp to corp accepted for this job 

Required Skills: BS/MS in Computer Science or related area or equivalent experience. 6+ years experience in developing front-end applications and frameworks using Javascript, including concepts like asynchronous programming, module system, bundling, closures, types, and ES6.  Solid understanding of fundamental web technologies such as HTTP, REST, AJAX and JSON Strong proficiency in HTML, CSS and JavaScript(ES6+), TypeScript and React. Thorough understanding of REST principles and best practices of building and using RESTful APIs. Thorough understanding of core design principles and common design patterns of JavaScript. Familiarity and experience with common web compilation and bundling frameworks, including Webpack/Rollup/BaBel. Familiarity with test automation frameworks like Playwright and Cypress. Working knowledge of agile practices and principles.  Working knowledge of cloud technologies (AWS/GCP).",True,False,True,False,False,False,0,False,,lensa.com
google_jobs,Javascript Developer - React.js,YO IT CONSULTING,Anywhere,,,https://www.indeed.com/viewjob?jk=6392647af6e69b38&utm_campaign=google_jobs_apply&utm_source=google_jobs_apply&utm_medium=organic,"hiring experienced frontend engineers to support a variety of high-impact research collaborations with leading AI labs. Freelancers will help improve AI systems through work extending coding benchmarks that reflect real-world development across diverse languages and domains.


 This is a unique opportunity to apply your engineering expertise toward shaping the next generation of intelligent systems.


 Key Responsibilities


 
  Develop and validate coding benchmarks in React, TypeScript, or JavaScript by curating issues, solutions, and test suites from real-world repositories
  Ensure benchmark tasks include comprehensive unit and integration tests for solution verification
  Maintain consistency and scalability of benchmark task distribution
  Provide structured feedback on solution quality and clarity
  Debug, optimize, and document benchmark code for reliability and reproducibility
 
 Ideal Qualifications


 
  3–10 years of experience as a frontend engineer
  Degree in Software Engineering, Computer Science, or a related field
  Strong proficiency in React, Typescript or Javascript
  Experience with debugging, testing, and validating code
  Comfortable with technical writing and attention to detail
 
 Project Timeline


 
  Start Date: Immediate
  Duration: 1 month
  Commitment: Part-time (15–20 hours/week)
  Schedule: Fully remote and asynchronous – flexible working hours
 
 Compensation & Contract


 
  $90 per hour plus lucrative bonus per approved task (1 task takes approximately 1 hour to complete)
  Median average pay inclusive of bonuses is $200/hr
  Independent contractor
  Daily payment via Stripe Connect
 
 Application & Onboarding Process


 
  Upload your resume
  AI interview: A short, 15-minute conversational session to understand your background, experience, and interest in the role
  Brief assessment testing real-world coding ability, technical depth, and debugging approach
  Follow-up communication within a few days with next steps and onboarding details",True,False,True,False,False,False,1,False,,
google_jobs,Mid-Level React Developer,"Clevertech Partners, LLC DBA Lumenalta",Anywhere,28 days ago,,https://www.virtualvocations.com/job/mid-level-react-developer-2876629-i.html?utm_campaign=google_jobs_apply&utm_source=google_jobs_apply&utm_medium=organic,"A company is looking for a React Developer - Mid Level.


Key Responsibilities

Develop and maintain scalable web applications using React and related technologies
Collaborate with team members to design and implement innovative digital products
Write clean, modern, and testable code while adhering to best practices

Required Qualifications

3+ years of professional experience in software development
Proficient in Javascript, React, Redux, Websockets, and Async/Await
Experience in creating well-documented code
Ability to work effectively in a remote team environment
Familiarity with complex industries such as Logistics, FinTech, or Insurance is a plus",False,False,True,False,False,False,0,False,,virtualvocations.com
google_jobs,REMOTE Travel Industry Senior React Full Stack Engineer with CTO & Equity Ambitions,Geovea,Anywhere,29 days ago,,"https://www.glassdoor.com/job-listing/remote-travel-industry-senior-react-full-stack-engineer-with-cto-equity-ambitions-geovea-JV_KO0,81_KE82,88.htm?jl=1009136868405&utm_campaign=google_jobs_apply&utm_source=google_jobs_apply&utm_medium=organic","Senior Full Stack Developer (React/Node.js) — Equity-Focused Opportunity

1099 Contractor Only — NO CORP TO CORP (Do Not Apply If This Doesn't Work For You)

This Role Is NOT For Everyone

We're not offering a competitive salary. We're offering something rarer: meaningful equity in a company at the ground floor.

If you're at a stage in your career where you have financial runway and are motivated by ownership, long-term upside, and building something from scratch — keep reading. If you need market-rate compensation right now, this isn't the right fit, and that's okay.

About GEOVEA

GEOVEA is a bootstrapped travel technology startup building an AI-powered trip planning platform for both B2B and B2C markets. We're pre-seed, 100% founder-funded, and laser-focused on launching our MVP.

This is a rare opportunity to join before institutional money comes in — when equity is most valuable and your impact is most direct.

Check us out at GEOVEA.com

The Role

As a Senior Full Stack Developer, you'll be a core builder, not a ticket-taker. You'll own features end-to-end, from concept through deployment, working directly with founders to ship product.

What you'll do:

Build and maintain our React-based web applicationIntegrate and extend our AI capabilities (OpenAI, Claude APIs)Architect scalable backend services with Node.jsWork across the stack: frontend, APIs, database, infrastructureShip code you're proud of — code that doesn't need babysitting in productionThis starts as a part-time, remote contract role during MVP launch. After our Seed round, there's a clear path to full-time employment. For the right person with leadership experience, there's an opportunity to grow into a CTO role.

Technical Requirements

Must Have:

5+ years of professional software development (portfolio required)React ecosystem: React 18+, hooks, state management (Redux, Zustand, or similar)TypeScript — we write typed codeNode.js: Express or Fastify, REST API designDatabase: MS SQL Server experience required; bonus for PostgreSQLAI Integration: Hands-on experience with OpenAI and/or Anthropic Claude APIsAWS: EC2, RDS, S3, IAM, VPC fundamentals; familiar with deployment pipelinesGit/GitHub: Clean commit history, PR workflows, code review experienceModern frontend: HTML5, CSS3, responsive design, a CSS framework (Tailwind, Bootstrap, etc.)Security fundamentals: Auth flows (JWT, OAuth), HTTPS, secure coding practicesNice to Have:

Next.js or Remix experienceMapping technologies (Mapbox API)Mobile development (React Native, or native iOS/Android)Stripe, SendGrid, Cloudflare integrationCI/CD pipelines (GitHub Actions, AWS CodePipeline)Testing culture: unit tests, integration tests, E2E (Jest, Playwright, Cypress)Experience in travel/leisure industryPrompt engineering and AI application designWork Structure

Contract type: 1099 only. No corp-to-corp arrangements — don't ask.Hours: Part-time, flexible. 10–40 hours/week depending on sprint needs.Location: Fully remote. Occasional availability during US business hours preferred; rare weekend support for emergencies.Compensation: Below-market cash + significant equity. We'll discuss specifics, but know that equity is the primary value proposition here.What We're Looking For (Beyond the Tech)

You take ownership. You don't wait to be told what to do.You communicate clearly and proactively.You're comfortable with ambiguity — startups are messy.You care about the product, not just the code.You want to build something that matters, not just collect a paycheck.How to Apply

Send us:

Your portfolio or GitHub — show us what you've builtA brief note on why equity-first compensation appeals to you right nowYour availability and hourly/weekly capacityWe review every application. If there's a fit, we'll move fast.

GEOVEA is an equal opportunity employer. We value diverse perspectives and believe the best products are built by teams with varied backgrounds and experiences.

Please complete the screening questions below to be considered for this role. Candidates who do not respond will not move forward. This only takes a few minutes and helps us identify the best fit quickly.

Candidate Screening Questions

Please answer the following questions thoroughly. Your responses help us evaluate fit and move quickly with the right candidates.

1. Coding Experience

Describe your software development background. Include the languages, frameworks, and tools you use most frequently, along with the types of projects you've worked on (web apps, APIs, mobile, etc.).

2. OpenAI API Experience

Detail any hands-on experience you have integrating OpenAI APIs into applications. Include specific use cases, which models you've worked with (GPT-4, GPT-4o, embeddings, etc.), and any challenges you encountered.

3. Chatbot & Prompt Engineering Experience

Describe any experience building conversational interfaces or chatbots powered by AI. Include details on prompt engineering techniques you've used, how you handled context management, and how the chatbot was integrated into a website or application.

4. AI Agents Experience

Have you built or worked with AI agents — systems that can take actions, use tools, or operate autonomously? Describe the architecture, tooling, and any frameworks you used (e.g., LangChain, custom implementations).

5. External API Integration Experience

Describe your experience integrating third-party APIs into applications. Include examples of APIs you've worked with (payment processors, mapping services, social logins, data providers, etc.) and any complexities you navigated.

6. Interest in Startup Work

Why are you interested in working for an early-stage, bootstrapped startup? What appeals to you about this environment compared to established companies?

7. Travel Industry Experience

Do you have any experience working in or building products for the travel and leisure industry? If so, describe the projects and your role.

8. Mapbox Experience

Detail any experience you have with Mapbox or similar mapping technologies. Include specific features you've implemented (custom markers, routes, geolocation, offline maps, etc.).

9. Why You're a Good Fit

In your own words, explain why you believe you'd be a strong fit for this opportunity. What do you bring that others might not?

10. Compensation

What is your minimum required hourly rate (USD)?

Thank you for taking the time to apply. We review every submission and will reach out promptly if there's a potential fit.

Job Types: Part-time, Contract

Pay: $5.00 - $10.00 per hour

Expected hours: 1 – 40 per week

Application Question(s):

### TO BE CONSIDERED, PLEASE ANSWER THESE IMPORTANT SCREENING QUESTIONS IN JUST A FEW MINUTES – IF YOU DON'T, YOU WILL AUTOMATICALLY BE REJECTED - HELP US FIND YOU FROM THE CROWD. ###1. ELABORATE ON YOUR CODING EXPERIENCE.
2. IN DETAIL, ELABORATE ON ANY OPENAI API EXPERIENCE.
3. IN DETAIL, ELABORATE ON ANY OPENAI PROMPTING AND WEBSITE CHATBOT INTEGRATION EXPERIENCE.
4. IN DETAIL, WHAT EXPERIENCE DO YOU HAVE WITH AI AGENTS?
5. ELABORATE ON ANY EXTERNAL API EXPERIENCE.
6. WHY WOULD YOU LIKE TO WORK FOR A STARTUP COMPANY?
7. ELABORATE ON ANY TRAVEL INDUSTRY EXPERIENCE.
8. IN DETAIL, ELABORATE ON ANY MAPBOX EXPERIENCE.
9. ELABORATE ON WHY YOU THINK YOU WOULD BE A GOOD FIT FOR THIS OPPORTUNITY.
10. INCLUDE ANY MINIMUM REQUIRED USD DOLLAR HOURLY RATE.

Experience:

AWS: 4 years (Required)GitHub: 4 years (Required)Microsoft SQL Server: 4 years (Required)Node.js: 3 years (Required)React: 3 years (Required)React JavaScript: 3 years (Required)REST & RESTful APIs: 4 years (Required)React Web, Node, and NGINX servers: 3 years (Required)Chief Technical Officer: 3 years (Required)SQL, PL/SQL, Stored Procedures, Cursors, Triggers: 3 years (Preferred)Mapbox: 1 year (Preferred)OpenAI: 1 year (Preferred)Mobile App Development: 1 year (Preferred)Work Location: Remote",True,True,True,False,False,False,0,False,,
google_jobs,004 - Fullstack Developer (NodeJS & ReactJS) (Remote),Augusta Hitech Soft Solutions,Anywhere,,,https://www.indeed.com/viewjob?jk=f559095774a4dcc2&utm_campaign=google_jobs_apply&utm_source=google_jobs_apply&utm_medium=organic,"Industry: IT


   Qualification: Bachelor's degree in computer science, Information Technology, or related field (B.E. – CSE preferred)


   Required Skills: NodeJS, ReactJS, Javascript, CI/CD


   Working Shift: EST/CST


   City: Boca Raton - Fort Lauderdale


  Country: United States


  
   
    
     
      
       About the Role
 We’re looking for a Full Stack Engineer with strong expertise in Node.js and React.js to join our growing team. In this role, you’ll work across the stack to design, build, and optimize scalable web applications that power seamless user experiences.


      
      
       What You’ll Do


      
      
       
        
         
          Develop and maintain end-to-end applications using Node.js and React.js
         
       
      
      
       
        
         
          Build and integrate RESTful APIs and third-party services
         
       
      
      
       
        
         
          Collaborate with Product, Design, and QA teams to deliver high-quality features
         
       
      
      
       
        
         
          Ensure applications are optimized for performance, scalability, and security
         
       
      
      
       
        
         
          Participate in code reviews, agile ceremonies, and technical discussions
         
       
      
      
       What We’re Looking For


      
      
       
        
         
           5+ years of hands-on full stack development experience
         
       
      
      
       
        
         
          Strong proficiency with Node.js (Express.js or similar frameworks)
         
       
      
      
       
        
         
          Deep knowledge of React.js, including hooks and state management
         
       
      
      
       
        
         
          Strong foundation in JavaScript (ES6+), HTML5, CSS3
         
       
      
      
       
        
         
          Experience with databases (SQL & NoSQL – MySQL, PostgreSQL, MongoDB)
         
       
      
      
       
        
         
          Familiarity with Git, CI/CD pipelines, and cloud platforms (AWS/Azure/GCP)
         
       
      
      
       
        
         
          Excellent problem-solving and communication skills
         
       
      
      
       ✨ Nice to Have


      
      
       
        
         
          Experience with TypeScript
         
       
      
      
       
        
         
          Exposure to Docker/Kubernetes
         
       
      
     
     
      
       
        
         
          Knowledge of GraphQL, microservices, testing frameworks (Jest, Mocha, Cypress)",False,False,True,False,False,False,0,False,,
google_jobs,Senior React Native Developer (6-month fixed-term contract),Orium,كندا,,,https://ca.indeed.com/viewjob?jk=32aaa516e64225b9&utm_campaign=google_jobs_apply&utm_source=google_jobs_apply&utm_medium=organic,"About Orium

Orium builds smart, modern commerce solutions that help enterprise brands move faster and stay ahead.

By bringing together AI, data, and composable systems, we create experiences designed for collaboration between people and intelligent agents— helping our clients work more efficiently, adapt quickly, and gain a long-term competitive edge.

With more composable launches than any firm in the Americas and deep expertise across commerce architecture, we partner with leading technology providers to deliver scalable solutions that evolve with our clients and accelerate time to value.

We blend systems thinking, data-driven design, and intelligent delivery, embedding AI and agents into our own teams to move faster, reduce friction, and co-create with greater precision. The result: adaptive, cross-channel experiences that keep our clients ahead of what's next.

About the Opportunity

As a Senior React Native Developer at Orium, you'll build high-quality mobile applications for enterprise clients, working within autonomous, Agile delivery teams. You'll collaborate closely with designers, Product Owners, and both internal and client-side engineers to deliver scalable mobile solutions in complex environments.

This role is ideal for someone who enjoys solving real-world problems, contributing to technical direction, and delivering value early across a project lifecycle.

Contract Details: This role will begin as a 6-month fixed-term agreement, with the possibility of converting to a full-time, permanent position based on performance, business needs, and mutual fit.

Responsibilities
• Lead or play a senior contributing role in delivering enterprise-grade mobile solutions using React Native.
• Collaborate closely with designers, Product Owners, and client-side engineering teams.
• Contribute to technical and architectural decisions, particularly in shared ownership or client-integrated environments.
• Participate in estimation, prioritization, and delivery planning to support on-time, on-budget execution.
• Provide functional mentorship and technical guidance to peers when needed.
• Uphold high standards for code quality, performance, accessibility, and maintainability.
• Communicate progress, risks, and trade-offs clearly and proactively with both internal teams and client stakeholder.
• Evaluate when and how to apply AI-assisted development responsibly, balancing efficiency with sound engineering judgment.
• Explore opportunities to integrate automation and AI into workflows (e.g., test generation, scaffolding, documentation, debugging assistance, architecture exploration).
• Contribute to shaping Orium's internal adoption of AI for software development and share learnings with the team.

Skills and Qualifications
• 4+ years of industry experience with React Native and React, including experience delivering production mobile applications
• Strong understanding of software engineering fundamentals and modern development best practices
• Experience collaborating with or integrating alongside native mobile teams (iOS and/or Android)
• Solid experience with modern JavaScript, CSS, and responsive design patterns, with exposure to mobile performance optimization
• Familiarity with modern mobile tooling, debugging, and deployment workflows — including experience with platforms such as Expo and/or Firebase in production environments
• Experience contributing to large-scale or business-critical applications, ideally in client-facing or consulting contexts
• Excellent interpersonal and client-facing communication skills.
• Strong critical thinking around the role of AI in development, understanding both the opportunities and limitations as part of the engineering process.
• A mindset of continuous learning, experimentation, and curiosity.

Is the Role a Fit for You?

You'll thrive as a Senior Developer at Orium if:
• You love building. The idea of taking something from concept to functional reality energizes you.
• You crave new challenges and embrace the unknown with curiosity and a can-do attitude.
• You value knowledge-sharing and being part of a team that co-owns outcomes, not lone-wolf heroics.
• You're excited to use AI-powered tools thoughtfully and strategically to enhance execution, collaboration, and decision-making.
• You naturally spot opportunities to automate, streamline, or improve workflows using modern tooling.

Compensation and Hiring Transparency
• Expected Compensation (Canada): $100,000–$140,000 CAD annualized base salary. Orium lists this range in good faith, reflecting expected compensation for this role in the specified locations as of this posting. Final offers consider education, qualifications, certifications, experience, skills, location, internal equity, and business needs. This range does not include benefits.
• Use of AI in Hiring: To keep the process efficient and focused on human connection, we use AI-enabled and automated tools for tasks like candidate communications and scheduling, interview note-taking, and summarizing feedback for hiring teams. Our recruiters and hiring managers review all information, and humans make every hiring decision.
• Vacancy Status: This posting is for a future opportunity. While we do not have an immediate vacancy, we anticipate hiring for this role based on evolving staffing needs and business demand.

Performance and Growth Expectations

We emphasize accountability for outcomes, but autonomy in activities. Your work will be measured across a number of data points (peer, leader & project team feedback) and will also be measured on the basis of client and user satisfaction. Your growth path is in your hands— you'll have ongoing meetings with your leader to help determine your path, but your progress will be based on what you hope to achieve and how you choose to access the resources available to you.

Committed to an Inclusive Workplace

We are committed to fostering an inclusive and accessible environment as we build a workforce that reflects the diversity of the community in which we live, including those with disabilities. We are dedicated to providing accommodations in all parts of the hiring process in accordance with the Accessibility for Ontarians with Disabilities Act and the Ontario Human Rights Code. If you require any accommodation, we will work with you to meet your needs.

Committed to Social and Environmental Stewardship

Orium is committed to promoting and working towards a more socially and environmentally sustainable future. All employees are expected to make decisions and take actions in relation to their role and work that follow through on this commitment.

#LI-Remote",True,True,True,False,False,False,1,False,,
google_jobs,Contractor Needed: React Developer (Business Central Integration Project),NIC Systems Inc.,كندا,قبل ٢٦ يومًا,,https://ca.indeed.com/viewjob?jk=78696969d1a0ed6c&utm_campaign=google_jobs_apply&utm_source=google_jobs_apply&utm_medium=organic,"We are looking for an experienced React developer to support an ongoing web application project that integrates with Microsoft Dynamics 365 Business Central via APIs. This is a contract role with immediate start.

- Must‑Have Skills
• Strong hands‑on experience with React.js (hooks, state management, component architecture)
• Solid understanding of modern JavaScript (ES6+)
• Experience consuming REST APIs (authentication, error handling, data transformation)
• Ability to work independently within an Azure DevOps–based development workflow (repo, pipelines, pull requests)

- Nice-to-Have / Assets
• Familiarity with Business Central APIs (OData endpoints, OAuth, AL objects, pagination, filtering)
• Experience integrating with Microsoft cloud services (Azure AD, Azure Functions, App Registrations)
• Knowledge of TypeScript
• Understanding of CI/CD practices in Azure DevOps
• Experience with secure handling of API tokens, environment variables, and cloud-hosted deployments

- Responsibilities
• Develop and improve front‑end functionality in React
• Integrate and optimize API communication with Business Central
• Collaborate on pull requests and follow our DevOps branching strategy
• Troubleshoot integration issues and propose improvements
• Deliver efficient, maintainable code with good documentation

- Project Summary
• React single‑page application
• Integrates with Business Central through API endpoints
• Source control and project tracking managed in Azure DevOps
• Remote contractor role

Job Types: Part-time, Casual, Freelance

Pay: $17.75-$50.00 per hour

Expected hours: No more than 40 per week

Work Location: Remote",True,False,True,False,False,False,1,False,,
google_jobs,"Lead React Native Web & Mobile Architect (Remote, Contract)",Aarorn Technologies Inc,كندا,قبل ٧ أيام,,https://ca.jobrapido.com/jobpreview/5257018695183499264?utm_campaign=google_jobs_apply&utm_source=google_jobs_apply&utm_medium=organic,"A leading technology company is seeking a Lead React Native Developer to design and deliver mobile and web applications for healthcare. The ideal candidate will have 7+ years of experience, strong skills in React Native and TypeScript, and hands-on Azure service integration knowledge. This remote role involves leading a team, mentoring developers, and ensuring high standards of performance and security in applications. Competitive pay at CAD$45/HR offered.
#J-18808-Ljbffr",True,False,True,False,False,False,0,False,,ca.jobrapido.com
google_jobs,Javascript Developer - React.js,YO IT CONSULTING,كندا,,,https://emplois.ca.indeed.com/viewjob?jk=8d03ecb0d81a6a7d&utm_campaign=google_jobs_apply&utm_source=google_jobs_apply&utm_medium=organic,"hiring experienced frontend engineers to support a variety of high-impact research collaborations with leading AI labs. Freelancers will help improve AI systems through work extending coding benchmarks that reflect real-world development across diverse languages and domains.

This is a unique opportunity to apply your engineering expertise toward shaping the next generation of intelligent systems.

Key Responsibilities
• Develop and validate coding benchmarks in React, TypeScript, or JavaScript by curating issues, solutions, and test suites from real-world repositories
• Ensure benchmark tasks include comprehensive unit and integration tests for solution verification
• Maintain consistency and scalability of benchmark task distribution
• Provide structured feedback on solution quality and clarity
• Debug, optimize, and document benchmark code for reliability and reproducibility

Ideal Qualifications
• 3–10 years of experience as a frontend engineer
• Degree in Software Engineering, Computer Science, or a related field
• Strong proficiency in React, Typescript or Javascript
• Experience with debugging, testing, and validating code
• Comfortable with technical writing and attention to detail

Project Timeline
• Start Date: Immediate
• Duration: 1 month
• Commitment: Part-time (15–20 hours/week)
• Schedule: Fully remote and asynchronous – flexible working hours

Compensation & Contract
• $90 per hour plus lucrative bonus per approved task (1 task takes approximately 1 hour to complete)
• Median average pay inclusive of bonuses is $200/hr
• Independent contractor
• Daily payment via Stripe Connect

Application & Onboarding Process
• Upload your resume
• AI interview: A short, 15-minute conversational session to understand your background, experience, and interest in the role
• Brief assessment testing real-world coding ability, technical depth, and debugging approach
• Follow-up communication within a few days with next steps and onboarding details",True,False,True,False,False,False,1,False,,
google_jobs,Senior React Native Engineer  - (6 month contract),Lazer,كندا,,,https://jobs.ashbyhq.com/lazer/4f24c3c7-d80c-4cc8-9737-418d66ff3b41?utm_campaign=google_jobs_apply&utm_source=google_jobs_apply&utm_medium=organic,"Lazer is a world-class digital product studio composed of 180+ senior engineers and designers with backgrounds from companies like Apple, Google, Coinbase, and more. With our product experience, we have designed, engineered, and grown products from $0 to $200M in revenue.

Clients seek out our help because we have the talent to deeply understand their needs and provide industry, technical, or product insights that are uniquely valuable to their efforts. Our clients range from early-stage startups and venture studios to recognizable retail brands and exciting enterprises. Some of our notable clients include Google, Shopify, Coinbase, Alchemy, Hinge, OVO, Polymarket, and more.

We are a remote-first organization headquartered in Toronto, Ontario, with employees worldwide. We believe in providing the best experience possible for all Lazerites by fostering a strong community through regular events, company vacations, competitive compensation, unlimited PTO, and more!

Join Lazer and help us solve problems and build the next generation of products!

Lazer Crypto is a specialized team within Lazer, comprising more than 20 full stack, web3 native engineers dedicated to building modern dApps and web3 solutions. This team helps founders and growing teams accelerate their product launches across various blockchain ecosystems. Our notable web3 clients include Berachain, Base, Privy, Polymarket, Uniswap, Alchemy, and others. Our team is distributed across North America, combining deep technical expertise with a commitment to being kind, supportive collaborators who build exceptional products.

Who You Are
• 5-8 years of professional experience in software development, with ideally 2 years focused on blockchain and crypto projects.
• Deep expertise in React Native, with a strong track record of building and shipping high-quality mobile applications.
• Proficiency in utilizing contemporary animation libraries such as React Bits and Motion to develop engaging and interactive user interfaces.
• Strong proficiency in TypeScript, React, and Node.js, with experience integrating web3 technologies into mobile applications.
• Experience designing and maintaining SDK packages for React Native and native mobile platforms (Swift, Kotlin) to enable seamless developer adoption and integration; experience with Unity or Flutter is a plus.
• Passion for crypto and building world-class dApp experiences.
• Deep knowledge and curiosity about mobile crypto products, with a focus on building innovative experiences in social, DeFi, NFTs, and other web3 verticals.
• Solid understanding of Web3.js, Ethers.js, and mobile-optimized blockchain interactions. Familiarity with tools like WalletConnect, Dynamic, RainbowKit, and Phantom.
• Strong knowledge of mobile app performance optimization, security best practices, and DevOps for mobile applications.
• Familiarity with backend services and APIs, including GraphQL and Firebase.
• Someone who thrives in consulting, enjoys solving complex technical challenges, and loves delivering seamless mobile experiences.
• You are self-sufficient, proactive, and value autonomy.

What You'll Do
• Design, develop, and deploy world-class mobile dApps for clients across DeFi, NFTs, gaming, and infrastructure projects.
• Work across EVM and SVM ecosystems, ensuring smooth and performant blockchain interactions on mobile.
• Optimize mobile UX for web3 applications, integrating wallet connections, transactions, and decentralized storage seamlessly.
• Collaborate with top-tier crypto teams, guiding them from concept to launch with deep technical expertise.
• Lead mobile architecture decisions, ensuring scalability, security, and a high-quality user experience.
• Stay on the cutting edge of mobile web3 trends, experimenting with new technologies and bringing innovative solutions to clients.

Why Work With Us
• 🚀 Accelerate Your Growth: Work across multiple industries and cutting-edge projects with a team that ships fast.
• 💥 Maximum Impact: Shape the future of the tech industry by helping ambitious projects reach their potential.
• 🏅 True Ownership: Everyone ships code and has real autonomy with minimal meetings.
• 💡 Continuous Learning: Be part of a team of senior engineers and designers who love learning and knowledge sharing.

Why This Might Not Be For You
• 🤖 You Resist Modern Tools: We leverage AI and cutting-edge technology to build rapidly and focus our energy on solving the most complex, high-impact challenges for our clients.
• 🏗️ You Crave High Structure: We thrive in an autonomous, fast-moving environment, which means you need to be comfortable with some ambiguity.
• 😴 You Prefer Conventional Careers: Our consulting approach involves varied projects and direct client interaction — it's not for everyone.
• 1️⃣ You Like Staying in One Lane: Our projects require adapting to different tech stacks and modern tooling quickly.

Benefits & Perks
• 🌐 Work From Anywhere: Choose your workspace — all you need is strong wifi and a passion for building!
• 🧘‍♂️ Work / Life Balance: We believe in our team’s ability to have it all; a great career, and time to unplug and live…you know...life.
• 🩺 Employee Care: We provide full benefits (healthcare, dental, vision) for our employees (401k for our US employees)
• 🏖️ Unlimited PTO: Everyone needs a break. Take at least 15 days off a year, and more if you need—just be cool about it and keep the team in mind.
• 🎉 Regular Team Retreat: Join us for a week of team bonding at amazing destinations. Recent trips include the Dominican Republic, Cancun, and Hawaii — plus ones welcome.",True,False,True,False,False,False,0,False,,
google_jobs,Looking for an experienced React Developer for a short term contract,FreelanceJobs,كندا,,,https://ca.bebee.com/job/576162ffbfb80b6552d1b429cdca99b5?utm_campaign=google_jobs_apply&utm_source=google_jobs_apply&utm_medium=organic,"React developer with a good skills in handling API calls, Auth0, routing is required for a short term contract.

Contract duration of less than 1 month. with 30 hours per week.

Mandatory skills:
React, JavaScript, HTML, CSS",True,False,False,False,False,False,0,False,,ca.bebee.com
google_jobs,React .Net Azure DevOps Developer Needed,FreelanceJobs,كندا,,,https://ca.bebee.com/job/ecae240679d4c4e11ba132c45131b84e?utm_campaign=google_jobs_apply&utm_source=google_jobs_apply&utm_medium=organic,"We are seeking a skilled developer to address a small issue in our application. The ideal candidate will have experience with React, .Net, and Azure DevOps. Your role will involve diagnosing and resolving the issue efficiently to ensure smooth operation. This is a part-time engagement with a short-term project duration.

Contract duration of less than 1 month.

Mandatory skills:
Microsoft Azure, .NET Framework

Optional skills:
ASP.NET MVC, ASP.NET, React, Azure DevOps",True,False,False,False,False,False,0,False,,ca.bebee.com
google_jobs,Senior Firebase/ React Developer for Healthcare Web App Contract,FreelanceJobs,كندا,قبل ١١ يومًا,,https://ca.bebee.com/job/c42250e4c2df70d7ebdda43b36a9e205?utm_campaign=google_jobs_apply&utm_source=google_jobs_apply&utm_medium=organic,"Job Title:
Senior Firebase/ Java / React Developer for Healthcare Web Application (Backend, API Integrations, Security) - Contract

Project Overview:
• Must sign NDA prior to showing further information and details.
We have an existing React-based front-end prototype but need backend development, API integrations, and production-level security before MVP deployment. The application will also need some small enhancements – roughly a few hours of development time prior to go-live. We will also like this person to assist in future development updates and changes as we scale from MVP.

The ideal candidate will build and integrate the Firebase backend, complete all API and data workflows, and implement HIPAA/SOC 2 compliant security measures.
Contract duration of 1 to 3 months. with 30 hours per week.

Mandatory skills:
React, , Firebase, Mobile App Development, Web Application, API, API Integration, TypeScript, Amazon Web Services",True,False,False,False,False,False,0,False,,ca.bebee.com
google_jobs,Frontend JavaScript Engineer,FreelanceJobs,كندا,قبل ٥ أيام,,https://ca.bebee.com/job/995a769a8717c775dc4fa3c52b8fecc3?utm_campaign=google_jobs_apply&utm_source=google_jobs_apply&utm_medium=organic,"Axiom Pro is a US-based recruitment and outstaffing company partnering with international product teams and growing businesses across the US and Europe.
We build structured, dedicated teams that focus on quality, ownership, and long-term collaboration.
Many of our engineers work with us for years, contributing to stable product environments rather than short-term freelance gigs.

We are currently looking for a Frontend JavaScript Engineer to join a stable product team working on an invoice management and storage system.
Project Overview

You will contribute to a web-based invoice management platform, helping improve usability, scalability, and frontend architecture.
This is a long-term engagement within a structured team, not a short-term contract task.

Responsibilities

Develop and maintain a web application for invoice management and storage
Build scalable, reusable, and efficient UI components
Ensure smooth integration with backend services
Collaborate with designers, backend developers, and product managers
Write clean, maintainable, and well-documented code
Participate in code reviews and contribute to architecture discussions

Requirements

2+ years of professional frontend development experience
Strong proficiency in JavaScript
Experience with modern frontend frameworks (React is a plus)
Experience with state/data management (e.g., TanStack Query, Redux)
Solid understanding of modern UI/UX principles
Experience with Tailwind & component libraries
Git experience
Experience with Shadcn or similar component libraries is a plus
Strong communication skills
English proficiency (written and spoken)

Working Conditions

Full-time, contract-based position
Long-term opportunity within a stable project team

Working hours:
Monday to Friday, availability from 7 AM to 2 PM EST
English-speaking product environment
Holidays and days off can be discussed

Please note:
this position is open to individual developers only. Profiles associated with agencies will not be considered. Kindly refrain from applying or spending connects if your profile indicates agency affiliation. Thank you for your understanding.

Contract duration of 3 to 6 months. with 40 hours per week.

Mandatory skills:
JavaScript, CSS, React, HTML, jQuery, HTML5, Web Application, SQL, Landing Page, Website Redesign",True,True,False,False,False,False,0,False,,ca.bebee.com
google_jobs,Part Time Full-Stack Mobile Engineer (React Native & AI Integration) (15_01_26RCH),FreelanceJobs,كندا,قبل ٢٧ يومًا,,https://ca.bebee.com/job/5819e66828b58bd3f023c6d10ae3597d?utm_campaign=google_jobs_apply&utm_source=google_jobs_apply&utm_medium=organic,"About the Role

We're looking for a versatile Full-Stack / Mobile Engineer who is excited about building modern mobile and web applications and integrating AI-powered features into real products.
You'll work across React Native, modern web technologies, and AI services, helping design, build, and ship user-focused experiences.

This role is ideal for someone who enjoys hands-on full-stack work, understands how to apply AI tools in production(not just research them), and is comfortable moving between mobile, web, and backend integrations.
Responsibilities
• Build and maintain React Native mobile applications for iOS and Android
• Develop and maintain web applications using modern JavaScript frameworks
• Integrate AI technologies into products (LLM APIs, embeddings, computer vision, automation tools)
• Collaborate with designers, product managers, and stakeholders to define and deliver features
• Design clean, reusable UI components and scalable application architecture
• Work with APIs, databases, and backend services
• Optimize performance, reliability, and scalability across platforms
• Participate in code reviews and contribute to engineering best practices
Required Skills & Experience
• Strong experience with JavaScript / TypeScript
• Hands-on experience with React Native
• Solid web development experience (React, , or similar)
• Experience integrating third-party APIs
• Practical understanding of AI implementation, including:
• Using AI/LLM APIs (OpenAI, Anthropic, etc.)
• Prompt design and response handling
• Embeddings, search, or classification use cases
• Familiarity with RESTful APIs
• Experience using Git for version control
Nice to Have
• Backend experience with , Python, or similar
• Experience deploying apps to the App Store / Google Play
• Experience with PostgreSQL
• UI/UX sensibility or experience working closely with designers
• Experience building internal tools, prototypes, or MVPs quickly
Please Note
• Strong English communication skills are extremely important for working with our customers
• This is a contractor position; no employee benefits are included in the contract
Contract duration of more than 6 months. with 40 hours per week.

Mandatory skills:
React Native, LLM Prompt, API, OpenAI API",True,False,False,False,False,False,0,False,,ca.bebee.com
google_jobs,React js simple project,Carl Hamiltom,Anywhere,,,https://laborx.com/jobs/react-js-simple-project-20913?utm_campaign=google_jobs_apply&utm_source=google_jobs_apply&utm_medium=organic,"Hi
I am going to find a developer who are good at React js.
This is a big project and db design as well.
This is the front end React project and there are some more jobs after done.",False,False,False,False,False,False,0,False,,laborx.com
google_jobs,Senior Full Stack Engineer (React / React Native / TypeScript) Needed (Canada only!),Upwork,Anywhere,26 days ago,,https://www.upwork.com/freelance-jobs/apply/Senior-Full-Stack-Engineer-React-React-Native-TypeScript-Needed-Canada-only_~022014840653002164848/?utm_campaign=google_jobs_apply&utm_source=google_jobs_apply&utm_medium=organic,"Sferion started in the oil & gas industry and has grown into a software development contractor working across a wide range of domains, including fintech, healthcare, energy, and more. We partner closely with clients to build real, production-grade software–often taking products from early concept to long-term scale.

We’re a small, senior-leaning team that values autonomy, pragmatic engineering, and clear communication over process for process’s sake.

What You’ll Do

Build and maintain web and mobile applications using React and React Native

Work primarily in TypeScript, contributing to share codebases and libraries

Collaborate with designers, backend engineers, and product stakeholders

Write clean, maintainable code with a focus on real-world usability

What We Offer

Fully remote work

Flexible hours (we care about outcomes, not time clocks)

Work on interesting, non-trivial products

A low-ego, engineering-focused team

Long-term collaboration

Mandatory Technical Skills

React (Web)

React Native

TypeScript

PostgreSQL (or another SQL database)

Useful / Nice-to-Have Technologies

You don’t need all of these, but experience with some is a plus:

REST

Expo

State management (React Query, Zustand, Redux, etc.)

Mobile platform knowledge (iOS and/or Android specifics)

Testing (Vitest)",True,False,True,False,False,False,0,False,,upwork.com
google_jobs,React.js Web App Development,Anou Kham,Anywhere,,,https://laborx.com/jobs/react-js-web-app-development-84319?utm_campaign=google_jobs_apply&utm_source=google_jobs_apply&utm_medium=organic,"Our web application is developed with React.js frontend and Firebase backend.
https://wakeup-challenge.vercel.app/
We are going to switch DB from Firebase Realtime database to Postgresql.
Postgresql DB schema is ready.
We will invite you to our git repository (Web App repository, Postgresql DB repository)
Please read attached document that shows general idea of this project.
Deadline: 2 days",False,False,False,False,False,False,0,False,,laborx.com
google_jobs,React Native Google Authentication,Daniel Rechard,Anywhere,,,https://laborx.com/jobs/react-native-google-authentication-19663?utm_campaign=google_jobs_apply&utm_source=google_jobs_apply&utm_medium=organic,"You need to add Google Authentication to my React Native App.
You don't have to use Firebase, you need to use my own backend.
Don't need to integrate with backend at this time.
You just need to get user info when user click google sign in button.
If you have experience with Google Authentication, DM",False,False,False,False,False,False,0,False,,laborx.com
google_jobs,Running a React Native project on MacOS,David Tan,Anywhere,,,https://laborx.com/jobs/running-a-react-native-project-on-macos-87178?utm_campaign=google_jobs_apply&utm_source=google_jobs_apply&utm_medium=organic,"We have built a React Native project and it is working well on Android devices.
We are going to run this on MacOS but it has some environment issues.
We want to get help from a senior React Native developer who is very familiar in iOS development.
Please check this link for checking what issues we have.
https://drive.google.com/file/d/1qqMxVwAB8dLyq4HBtOKFIZKHM_T5kzZa/view?usp=sharing
Write your proposal after checking this video and write three dots if you have checked it.
Copy pasted proposal will be denied.
Thank you.",False,False,False,False,False,False,0,False,,laborx.com
google_jobs,Senior Software Engineer (Full-Stack) NextJS | Typescript | NestJS | MongoDB,GENIE AI,Anywhere,,,https://wellfound.com/jobs/3154379-senior-software-engineer-full-stack-nextjs-typescript-nestjs-mongodb?utm_campaign=google_jobs_apply&utm_source=google_jobs_apply&utm_medium=organic,"About Company

GENIE is an applied AI lab developing Assistive Intelligence (AI) solutions for businesses, governments, and non-profits. Our focus is on translating the massive potential of GenAI, RPA, and AR/VR technologies into a measurable competitive advantage. We firmly believe in the future of interactive technology and view cognition as its most capable instrument. With a track record of firsts, we've partnered with category-leading businesses to pilot ALBIS AI Employee Creation Studio™. 

About Team

 GENIE comprises a winning team of Subject Matter Experts with over 20 years of specialization in ML/AI, offering world-class strategy, engineering, and design. Our team includes 42+ executives, business experts, ML engineers, RPA engineers, security engineers, data engineers, product designers, researchers, testers, content creators, and sales professionals.

 About the Product

 ALBIS AI Employee Creation Studio™ is designed to enable anyone to create and manage end-to-end AI employees across physical, digital, and virtual spaces. ALBIS takes organizational management to a new standard by leveraging Gen AI, Robotic Automation, IoT, AR/VR, and other advanced tech to enable actions like real-time data checks, outcome prediction, task automation, and autopilot activation.

What's in it for you?
• Opportunity and experience working at the forefront of an AI SaaS platform.
• Rocket growth driven by future technologies; Disrupting global industries; Global multi-team collaboration.
• Hands-on experience in a fast-paced and dynamic work environment. Work closely with experienced professionals and receive mentorship.
• Exposure to a variety of projects and the opportunity to contribute to impactful solutions.
• Networking opportunities within the industry. Internship Completion Certification.

Role: Senior Software Engineer

Location: Remote

Duration: 3 Months Probation then Full Time Potential

Overview:

We are seeking a skilled and experienced Senior Software Engineer specializing in full stack development with expertise in TypeScript. This role offers the opportunity to lead and contribute to impactful projects in a dynamic and innovative environment. As a Senior Software Engineer, you will play a pivotal role in shaping our technology stack, mentoring junior team members, and driving the development of robust, scalable solutions.

Responsibilities:
• Lead the design, development, and implementation of complex front-end and back-end solutions using NextJS, TypeScript, MUI, Node.js, and NestJS.
• Architect and develop scalable systems and services, ensuring reliability and maintainability.
• Perform code reviews, providing constructive feedback and ensuring adherence to software development best practices.
• Troubleshoot and debug complex issues, implementing solutions to improve performance and scalability.
• Collaborate across teams to identify technical requirements and ensure alignment with business goals.
• Mentor and guide junior engineers, fostering a culture of learning and excellence.
• Stay current with industry trends and emerging technologies to continuously improve our development practices.
• Document project tasks and prepare technical discoveries

Qualifications:
• Bachelor’s or Master’s degree in Computer Science, Software Engineering, or a related field (or equivalent experience).
• 10+ years of professional experience in full stack development, with a strong focus on TypeScript.
• Expertise in front-end frameworks such as NextJS, MUI, SCSS, and back-end frameworks like Node.js and NestJS.
• Proficiency in working with relational and NoSQL databases, such as PostgreSQL, MongoDB, or Redis.
• Deep understanding of RESTful APIs, with experience in designing and consuming them.
• Familiarity with cloud platforms, containerization tools (e.g., Docker), and CI/CD pipelines.
• Strong problem-solving skills, attention to detail, and a proactive mindset.
• Excellent communication skills and a proven ability to work collaboratively in a team environment.
• Previous experience mentoring junior developers or leading technical projects is a strong plus.

Benefits:
• Long-term value potential
• Opportunity to work on cutting-edge technologies in a collaborative, remote-first environment.
• Professional development opportunities, including training and conferences.
• Flexible working hours to support work-life balance.
• Leadership and mentorship opportunities to grow your career.

Application Process:

If you are passionate about full stack development and eager to make an impact in a senior role, we encourage you to apply. Please submit your resume and a cover letter detailing your experience and vision for this position. We look forward to welcoming you to our team!",False,True,True,False,False,False,0,False,,wellfound.com
google_jobs,Senior .Net Developer | Remote | Contract,TWO95 International INC,Anywhere,,,https://www.indeed.com/viewjob?jk=4af544ddad44169b&utm_campaign=google_jobs_apply&utm_source=google_jobs_apply&utm_medium=organic,"Title: Senior .Net Engineer 
Work Type: Remote Work 
Duration : 6+ Months Contract with Extensions 
Rate: $Open (Best Possible) 

 Requirements:
 Job description 


 Demonstrated capability in triaging and supporting applications with microservice architecture
 Excellent problem solving and debugging skills
 Experience with development using Microsoft Technologies like C#, .NET, Web API, and .NET Core
 Experience debugging C#, .NET, Web API, and .NET Core applications
 Experience with REST Web Services/APIs, and integrations with third party Web Services using JSON/XML
 Strong communication skills with capability to explain technical subject matter clearly to both technical and non-technical stakeholders
 Years of Experience: 8+ years experience
 Education Required: Bachelors Degree
 Additional Preferred Skills:


 Experience with applications within AWS infrastructure and components such as Lambda, API Gateway, ECS, DynamoDB, ELK, Kibana
 Experience and active participation with Agile/Scrum delivery methodologies, ceremonies, processes, and tools
 Ability to quickly learn and come up to speed in order to add independent and immediate value
 Project Description:


 You will be responsible for monitoring and performing root cause analysis for both the production and pre-production environments. You should be comfortable tracking failures using your browsers network tab, AWS Console, ELK, and your local debugger.
 Benefits:
 Note: If interested please send your updated resume to gowthaman.thangarajan@two95intl.com and include your rate/salary requirement along with your contact details with a suitable time when we can reach you. If you know of anyone in your sphere of contacts, who would be a perfect match for this job then, we would appreciate if you can forward this posting to them with a copy to us. 
We look forward to hearing from you at the earliest.",True,False,True,False,False,False,1,False,,
google_jobs,Senior .Net Developer | Remote,TWO95 International INC,Anywhere,,,https://www.indeed.com/viewjob?jk=4e8bd8635112e9a0&utm_campaign=google_jobs_apply&utm_source=google_jobs_apply&utm_medium=organic,"Title: Senior .Net Developer 
Location: Remote Work 
Duration : 6+ Months contract 
Rate: $Open (Best Possible) 

 Requirements:
 Job description 


 .Net Core
 Experience with AWS
 ReactJS/AngularJS, UI development
 You can skillfully write high-quality, well-tested code and you are comfortable with Object-Oriented programming
 Presence in the external tech community: you proactively share your expertise with others via speaking engagements, contributions to open source, blogs and more
 Strong object oriented programming and design skills
 Demonstrated problem-solving skills
 Willing to learn new technologies
 Deliver high quality software without compromise
 Excellent communication skills and the ability to work across multiple teams
 Excellent documentation skills in order to plan, create, track and sustain software engineering work
 Benefits:
 Note: If you know of anyone in your sphere of contacts, who would be a perfect match for this job then, we would appreciate if you can forward this posting to them with a copy to us.",True,False,True,False,False,False,0,False,,
google_jobs,Java Developer Mid – Level (Contract) (Remote),SherlockTalent,Anywhere,,,https://www.sherlocktalent.com/job/7239-java-developer-mid-level-contract-remote/?utm_campaign=google_jobs_apply&utm_source=google_jobs_apply&utm_medium=organic,"Role: Java Developer - Mid - Level (Contract)
Location: Remote (South Florida Based)
Compensation: DOE
Job Type: Contract (6 months with option to extend)
Job ID: 7239


Job Description:
Big Project:  Java 8 upgrade to the latest Java 17 version, join the team to upgrade and/or rewrite approximately 50 applications.


The ideal candidate is a full stack software developer with knowledge of the Java programming language, fundamental OO concepts, great analytical skills and web development.  He/she will be working closely with Team lead and other developers in achieving optimum productivity.  Satisfactory interaction and communication with other IT business units (Middleware engineers, Release Management, Infrastructure, etc.)


Education/Experience:
BA/BS degree in CS or related field with 3-6 plus years of experience.


Essential Duties: 



Follows rules of the organization using the employee handbook, company tenets, and the SDLC to understand those rules.
Must have high level of interpersonal and communication skills.
Documents system design solutions and source code using standard requirement templates provided by the business analysts/release managers.
Follows outlined software architecture and designs provided.
Develops system solutions that meet both the quality standards and timelines as determined by the business.
Tests software using proven testing frameworks, tools and techniques.
Works closely with quality assurance to remedy issues uncovered.
Follows specified change management process and documentation.
Participates in team meetings, providing input and suggestions.
Ability to adapt and overcome problems; must be able to multitask and prioritize independently.
Ability to take on new tasks and to adjust to an energetic, continually evolving environment.

Required Skills:



Understanding of software development in an Object Oriented and Multi-Tier Environment
Agile development methodologies
Java (7/8 to 17) / JEE technology stack


Java web frameworks: Spring, and rewrite what's in Struts
SpringBoot
JDBC, SQL
HTML, CSS, JavaScript, XML, JSON, Ajax, JQuery, REACT JS
Unit testing (JUnit), Mockito, PowerMock
REST Web services, Soap UI


Apache Tomcat (7/8)
Oracle/MSSQL Server knowledge
Git/SVN/BitBucket

Preferred Skills:



Software architecture (Design Patterns, Software Lifecycle)
SOAP Web Services
OAuth 2
YUI
Object Relational Mapping (iBatis/MyBatis)
Groovy
RabbitMQ
Rules Engines: Drools
JMeter
XQuery, XSLT

Desired Skills:



Automated testing (Selenium, Mercury tools)
SOA / Service Based Architectures
Build tools Maven, Jenkins CI (Artifactory)
Code analysis tools (FindBugs, PMD, etc.)
Web Development AngularJs, EmberJs, Bootstrap
Mobile development (Iphone, Android)
Spring Cloud, Eureka, Akka, NF Zuul
Redis

We love to share a $500 referral bonus!


""U.S. Citizens and those authorized to work in the U.S. are encouraged to apply. We are unable to sponsor at this time.""",True,False,True,False,False,False,0,False,,sherlocktalent.com
google_jobs,"Senior Dotnet Developer with Azure - Remote, PA",Ocean Blue Solutions,Anywhere,,,https://www.indeed.com/viewjob?jk=c9fee5001a48ef09&utm_campaign=google_jobs_apply&utm_source=google_jobs_apply&utm_medium=organic,"Senior Dotnet Developer with Azure - Remote, PA 
    
   
   
    
     
      6 months 5 days ago 


     
     
      philadelphia,pennsylvania


     
     


     



    
   
  
 
 
  
   
    
     Submission Due Date: 08/19/2025
    
    
      Client - State of PA
    
    
      remote or PSP DepartmentHeadquarters, Harrisburg, PA and/or PA State Police BCIS onsite location if needed. 8 hours per day Monday through Friday, 7:30 AM - 3:30 PM/4PM (Eastern) with 1/2 hour lunch.
    
    
      Senior Developer (.NET, Azure)
    
    
     The Role: We are seeking a highly skilled and seasoned Senior Developer to design, develop, and deploy innovative web applications leveraging the power of .NET, SQL technologies, and the Azure cloud platform. You'll be pivotal to deliver scalable, secure, and performant solutions that drive our business forward.
    
    
      Responsibilities
    
    
     Design and implement scalable cloud-based web application architectures utilizing Azure services (App Services, Storage, Azure SQL, Functions, etc.).
    
    
     Design and implement robust data solutions, ensuring optimal integration between .NET applications and SQL databases.
    
    
     Champion security best practices throughout the development lifecycle, protecting application and data integrity.
    
    
     Collaborate closely with project managers, development team members, and stakeholders to translate business needs into effective technical solutions.
    
    
     Drive the adoption of architectural standards and design patterns.
    
    
     Research and evaluate emerging technologies and cloud trends to continuously enhance our solutions.
    
    
      Qualifications
    
    
     5+ years of hands-on software architecture and development experience, with a strong emphasis on .NET technologies (C#, ASP.NET MVC/Web API).
    
    
     Deep expertise in designing and scaling web applications within the Azure ecosystem.
    
    
     Proven track record in designing and implementing secure systems adhering to industry best practices.
    
    
     Solid understanding of database design, query optimization, and performance tuning within SQL environments.
    
    
     Experience in fostering a culture of technical excellence.
    
    
     Strong analytical, problem-solving, and communication skills, with the ability to present technical concepts to diverse audiences.
    
    
      Bonus Qualifications:
    
    
     Experience with CI/CD pipelines and infrastructure as code (Azure DevOps, Terraform, ARM templates).
    
    
     Familiarity with modern frontend technologies (React, Angular, Vue.js).
    
    
     Working knowledge of Agile and Scrum methodologies.
    
    
      Technical Skills
    
    
     Deep .NET Expertise: Extensive experience with core .NET technologies (.NET Framework and/or .NET Core), ASP.NET MVC/Web API, C#, Entity Framework (or another ORM).
    
    
     Cloud Architecture (Azure): Proven experience in designing and implementing scalable web applications within Azure. Key areas:
    
    
     Azure App Services (Web Apps, API Apps)
    
    
     Azure Storage (Blob, Tables, Queues)
    
    
     Azure Functions (serverless compute)
    
    
     Azure SQL Database or other Azure-optimized data stores
    
    
     SQL Proficiency: Strong understanding of database design, query optimization, and integration between .NET applications and SQL databases.
    
    
      Design & Architecture
    
    
     System Design: Ability to design modular, scalable, and secure web application architectures. This includes consideration of microservices, service-oriented architectures, and containerization if applicable.
    
    
     Design Patterns: Solid understanding and application of relevant design patterns within the .NET/Azure ecosystem (MVC, MVVM, Repository, dependency injection, etc.).
    
    
     Security: Experience in designing secure web applications following best practices for authentication, authorization, input validation, and encryption (both data in-transit and at rest).
    
    
     Cloud Optimization: Knowledge of how to design solutions to leverage Azure for cost-effectiveness, scalability, and high availability.
    
    
      Soft Skills & Experience
    
    
     Problem-solving: Strong analytical and problem-solving skills for complex design challenges.
    
    
     Communication: Clearly articulate technical concepts to other developers, stakeholders, and non-technical personnel.
    
    
     Project Experience: A track record of successfully designed and deployed web applications at scale, preferably involving cloud technologies.
    
    
      Additional Desirable Skills
    
    
     CI/CD: Experience with Azure DevOps or other CI/CD pipelines for automated building, testing, and deployment.
    
    
     Agile Methodologies: Familiarity with Agile development practices like Scrum and Kanban.
    
    
     Modern Frontend Frameworks: Understanding of integrating .NET backends with modern JavaScript frameworks (React, Angular, Vue.js) is a plus.
    
    
      Required skills and Experience
    
    
     Required: 4 Year college degree
     Required: .NET Framework (1.1 – 4.6.x) – 5 years
     Required: .NET core – 2 years
     Required: ASP.NET – 5 years
     Required: Experience in Azure
     Required: After hours support
     Required: C# – 5 years
     Required: WCF Web Services – 5 years
     Required: Object Oriented Development – 5 years
     Required: Web API – 2+ year
     Required: MS SQL Server – 5 years
     Required: Visual Studio – 5 years
     Required: Broad experience in software development including coding, testing, deployment and maintenance of applications developed on Microsoft stack - 6 years
     Required: Experience maintaining and extending technical documentation – 5 years
     Required: Understanding and working experience with Microsoft SQL Server – 5 years",False,False,True,False,False,False,0,False,,
google_jobs,.Net Core Contractor - Payment UI & Backend,GTT,Anywhere,23 days ago,,https://www.monster.com/job-openings/-net-core-contractor-payment-ui-backend-chevy-chase-md--0b71ca20-f431-4b4c-b998-a6118fd13881?utm_campaign=google_jobs_apply&utm_source=google_jobs_apply&utm_medium=organic,"Primary Job Title:.NET Core Contractor - Payment UI & Backend (PCI Compliance)
Alternate / Related Job Titles:.NET Core DeveloperSenior .NET ContractorPayment Systems .NET DeveloperBackend .NET EngineerPCI Compliance Application DeveloperLocation & Onsite Flexibility:Chevy Chase, MD — RemoteContract Details:Position Type: ContractContract Duration: Approximately 6 monthsStart: As Soon As PossiblePay Rate:$70 – $85/hrJob Summary:The .NET Core Contractor will enhance and secure payment user interface and backend components to support PCI DSS compliance. This role focuses on integrating Chase Page Encryption into existing payment flows to ensure the secure transmission of sensitive payment data, while collaborating closely with security, DevOps, and QA teams to deliver a robust and compliant solution.Key Responsibilities:Modify and enhance payment UI and backend components to integrate Chase Page Encryption.Ensure full compliance with PCI DSS standards across the payment experience.Collaborate with security, DevOps, and QA teams to validate encryption, conduct secure deployments, and support rigorous testing.Perform code reviews and contribute to overall application architecture and security improvements.Develop clean, maintainable, and secure code, along with relevant technical documentation.Skills & Qualifications:Required Skills & Experience:Proficiency in .NET Core / C# for backend development.Frontend experience with HTML, Bootstrap, JavaScript, and jQuery.Prior experience integrating payment encryption solutions, preferably Chase Page Encryption or similar technologies.Strong knowledge of PCI DSS standards and secure software development practices.Experience working with REST APIs, secure form handling, and data protection.Experience with relational databases, preferably Oracle and SQL Server.Proficiency in writing SQL queries.Preferred Qualifications:Previous involvement in achieving PCI compliance for online payment systems.Experience with CI/CD tools and secure deployment workflows.Strong understanding of application-layer encryption and key management.Benefits:Medical, Vision, and Dental Insurance Plans
 401k Retirement FundAbout the Company:National auto insurance provider offering affordable and reliable coverage across all 50 states, including homeowners, renters, and boat insurance. The organization is committed to customer satisfaction, innovation, and providing a collaborative and forward-thinking work environment.About GTT:GTT is a minority-owned staffing firm and a subsidiary of Chenega Corporation, a Native American-owned company based in Alaska. As an economically disadvantaged enterprise, GTT highly values diverse and inclusive workplaces. Our clients include Fortune 500 organizations across insurance, financial services, technology, life sciences, biotech, utilities, and retail throughout the U.S. and Canada.Job Number: 26-00916
 #LI-GTT #LI-Remote  #gttjobs
Remote

About the Company:
GTT",True,False,True,False,False,False,0,False,,monster.com
google_jobs,Sr .net Engineer/Developer | Remote | Contract,Two95 International Inc.,Anywhere,,,https://jobs.workable.com/view/riNKfcb7MMoZBUMf7L4SgT/sr-.net-engineer%2Fdeveloper-%7C-remote-%7C-contract-in-new-york-at-two95-international-inc?utm_campaign=google_jobs_apply&utm_source=google_jobs_apply&utm_medium=organic,"Title: Senior .Net Engineer
 Work Type: Remote Work

Duration : 6+ Months Contract with Extensions

Rate: $Open (Best Possible)


Job description

   Demonstrated capability in triaging and supporting applications with microservice architecture Excellent problem solving and debugging skills Experience with development using Microsoft Technologies like C#, .NET, Web API, and .NET Core Experience debugging C#, .NET, Web API, and .NET Core applications Experience with REST Web Services/APIs, and integrations with third party Web Services using JSON/XML Strong communication skills with capability to explain technical subject matter clearly to both technical and non-technical stakeholders Education Required: Bachelors Degree               
 Additional Preferred Skills:

  

   Experience with applications within AWS infrastructure and components such as Lambda, API Gateway, ECS, DynamoDB, ELK, Kibana Experience and active participation with Agile/Scrum delivery methodologies, ceremonies, processes, and tools Ability to quickly learn and come up to speed in order to add independent and immediate value        
 Project Description:

  

  You will be responsible for monitoring and performing root cause analysis for both the production and pre-production environments. You should be comfortable tracking failures using your browsers network tab, AWS Console, ELK, and your local debugger.
If interested please send your updated resume to rehana.j@two95intl.com and include your rate/salary requirement along with your contact details with a suitable time when we can reach you. If you know of anyone in your sphere of contacts, who would be a perfect match for this job then, we would appreciate if you can forward this posting to them with a copy to us.",True,False,True,False,False,False,1,False,,jobs.workable.com
google_jobs,Lead Azure + .NET Developer (Contract / Full Time)-5,Realign LLC,Anywhere,20 days ago,,https://www.indeed.com/viewjob?jk=5e7254a4df4e4f42&utm_campaign=google_jobs_apply&utm_source=google_jobs_apply&utm_medium=organic,"Remote, Alaska 99501 Posted January 28th, 2026 
 
 Looking for more job opportunities? Click here!


 


 Job Type: Contract


 Job Category: IT


 


 
  Job Title: Lead Azure + .NET Developer
 
 
   Location: Remote (Canada/USA)
 Employment Type: Contract / Full-Time (as applicable)
 
 
 
  
 Experience: 12+ Years
 
 
 
  
 Role Summary
 
 
  We are seeking a Lead Azure + .NET Developer with deep expertise in Microsoft Azure and strong Banking / Financial Services domain experience. This role requires hands-on technical leadership, solution design ownership, and the ability to guide teams delivering secure, scalable cloud-based banking applications.
 
 
 
  
 Key Responsibilities
 
 
  
   Lead the design, architecture, and development of Azure-based .NET applications
  
  
   Provide technical leadership and hands-on coding across the development lifecycle
  
  
   Define cloud architecture standards and best practices on Microsoft Azure
  
  
   Lead development of microservices and RESTful APIs using .NET Core / .NET 6+
  
  
   Own Azure CI/CD pipelines using Azure DevOps
  
  
   Ensure solutions meet banking security, compliance, and regulatory standards
  
  
   Perform code reviews and mentor developers; enforce coding and quality standards
  
  
   Collaborate with Product Owners, Architects, and business stakeholders in the banking domain
  
  
   Drive performance optimization, scalability, and production stability
  
  
   Support release planning and production issue resolution
  
 
 
 
  
 Required Skills & Qualifications (Must-Have)
 
 
  
    12+ years of overall software development experience
  
  
    Strong hands-on Azure experience, including:
  
  
   
    Azure App Services, Functions
   
   
    Azure SQL / Cosmos DB
   
   
    Azure Service Bus / Event Grid
   
   
    Azure Storage, Key Vault
   
   
    Azure Monitor & Application Insights
   
  
  
   Strong expertise in C#, .NET Core / .NET Framework
  
  
   Proven experience in a Lead / Tech Lead role
  
  
    Strong Banking / Financial Services domain experience
  
  
   Experience designing secure, scalable, high-availability systems
  
  
   Strong experience with microservices architecture
  
  
   Hands-on experience with Azure DevOps, CI/CD, Git
  
  
   Excellent leadership, communication, and stakeholder management skills
  
 
 
 
  
 Nice-to-Have / Added Advantage
 
 
  
   Experience with AKS (Azure Kubernetes Service) and Docker
  
  
   Event-driven architecture experience
  
  
   Knowledge of banking compliance standards (PCI-DSS, SOX, data privacy)
  
  
   Azure certifications (AZ-204, AZ-305) preferred
  
  
   Experience working in Agile / SAFe environments
  
 
 


 Required Skills


 CLOUD DEVELOPER


 SQL APPLICATION DEVELOPER",True,True,True,False,False,False,0,False,,
google_jobs,C#/.Net Developer - TMS - (US Remote),GuruLink,Anywhere,7 days ago,,https://app.gurulink.ca/jobview.asp?JobID=7718&utm_campaign=google_jobs_apply&utm_source=google_jobs_apply&utm_medium=organic,"Location: REMOTE / Orlando, Florida
This job allows you to work remotely.

This contract (US-based Corp to Corp)

C#/.Net Developer:

This project, part of the Replace–Transportation Management System (TMS) QDP initiative, aims to replace the existing Manhattan Associates TMS with the new Manhattan Active Transportation Management (MATM) solution. The scope includes coding and testing changes to Transportation Execution Systems to support the deployment of the MATM solution.

This position will be responsible for:

Designing/developing the application services for an enterprise application solution
Creating unit test plans/cases, developing, unit testing, and conducting code & unit test walkthroughs


 
Contract Terms:

- Initial 6-month contract to start (Approx: 1040 standard hours)
- Working hours: 8 am - 4:30 pm (EST). The contractor must work the EST time zone.



Important – Please Read Before Applying:

- U.S. Citizenship or Permanent Residency (Green Card) required. Candidates must have unrestricted authorization to work in the United States.

- U.S. residency required. Applicants must currently reside within the United States for the duration of this engagement.

- No subcontracting or candidate re-assignment permitted. This role is strictly for the individual applying.



Fraud prevention notice:

Applications involving impersonation, proxy interviews, AI/deepfake representation, or misrepresentation of identity will be disqualified immediately.


Must Have Skills:

Skills Required:

·         4+ years’ experience in analysis, design, and coding

·         4+ years’ experience designing and building applications using object-oriented analysis & design techniques (OOAD)

·         4+ years’ experience with the following:

o   .Net Framework

o   C#.NET, ASP.NET

o   Microsoft WebAPI

o   Microsoft / Azure / Oracle SQL Server, SSRS

·         2+ years of experience with the following:

o   .Net Core

o   Kubernetes

·         Experience with Microsoft Team Foundation Server/Git Source Control/Azure DevOps

·         Experience with Open Source Logging frameworks

·         Experience working in an agile development environment using Azure DevOps

·         Must be flexible and able to handle all situations in a professional manner

·         High degree of self-motivation, commitment and integrity

·         Must have an excellent attendance and punctuality record

·         Excellent teamwork and communication skills

·         Bachelor’s degree in Computer Science or a related analytical field, or equivalent experience, is preferred

 

Special Qualifications:

·         Experience with Azure DevOps Boards and Work Items

·         Experience managing pipelines and CI/CD in Azure DevOps

·         Experience managing automated deployments with the Octopus tool

·         Experience in implementing design patterns/services-oriented architecture/XML web services",True,True,True,False,False,False,0,False,,app.gurulink.ca
google_jobs,"C# / .NET Developer ( ASP.NET Core MVC )  (Mid-Level, Contractor)",Compose,Anywhere,,,https://app.dover.com/apply/compose/528f2de2-fd9e-4930-ae7e-4e60bd0bab65?utm_campaign=google_jobs_apply&utm_source=google_jobs_apply&utm_medium=organic,"We are seeking a C# / .NET Developer familiar with ASP.NET Core MVC  to join our team and help maintain, modernize, and build applications across both legacy and modern .NET stacks. This role is ideal for a developer with 2+ years of professional experience who is comfortable working in .NET Framework 4.x environments while also building new features using .NET 8.

You will work closely with product, design, and other engineers to deliver reliable, scalable software solutions. This is a hands-on individual contributor role, not a senior or leadership position.

This role has variable hours. The position will start at approximately 20 hours per week, but hours may decrease over time and could be reduced to as few as 5 hours per week or temporarily none. Candidates must be comfortable with this level of flexibility.

ResponsibilitiesDevelop and maintain applications using C# and .NET

Work with legacy .NET Framework 4.x codebases and assist with incremental modernization

Build and enhance services and applications using .NET 8

Write clean, maintainable, and testable code

Debug, troubleshoot, and resolve application issues

Participate in code reviews and contribute to team standards

Collaborate with cross-functional teams to deliver features on time

Required Qualifications2+ years of professional experience developing in C#

Hands-on experience with .NET Framework 4.x

Experience building or maintaining applications with .NET 6/7/8 (preferably .NET 8)

Solid understanding of object-oriented programming

Experience working with existing/legacy codebases

Familiarity with version control systems (Git)

Nice to HaveExperience with ASP.NET / ASP.NET Core

Basic understanding of SQL and relational databases

Exposure to modernization or migration projects

Familiarity with REST APIs

Experience working in an agile environment

Created at 2026-01-06 15:37:26

Updated at 2026-01-26 17:55:09

Location: Remote (United States); 

Open positions:Compose - C# / .NET Developer (Mid-Level)",True,False,True,False,False,False,0,False,,app.dover.com
google_jobs,Sr .Net Developer - Temp Remote,Sky Solutions LLC.,Anywhere,,,https://www.indeed.com/viewjob?jk=c32c8c7890cb75ac&utm_campaign=google_jobs_apply&utm_source=google_jobs_apply&utm_medium=organic,"Company Description
 
 Everything we do is about empowering people to do the extraordinary – from our clients who are transforming the world to our team who are driving change through technology. It was true when Sky Solutions was founded in 2008, and it’s just as true today.


 Job Description

 
   Role: Sr. Software Developer - .Net, Angular,
   Location: Oklahoma City, OK
   Duration: Long Term
 
  Note: USC's and GC's or GC-EAD's only.- W2 Role


  Description:


 Seeking resources for a ground-up, software development program for the Federal government. Software Developers will form the core of the technical teams and will be responsible for the development of new software.


 Primary job duties and responsibilities may include, but are not limited to the following:


 
  As a member of the application development team, the Software Developer (2) is responsible for full stack application development on a greenfield development project.


  Work as a member of a cross functional development agile team and adhere to engineering best practices.


 
 Qualifications
 
 The successful candidate will have:


 
   Strong technical knowledge, with hands-on experience with industry-standard tools and languages (i.e., Visual Studio, TFS, C#, ASP.NET, TypeScript, JavaScript, Angular 2+, CSS3, Entity Framework, HTML5)


  Bachelor's Degree in Engineering, Math, MIS, or Computer Science


  At least five (5 - 9) years of experience in a software programmer/developer role of which 2 - 3 years must be in an agile environment


  Unit Testing and/or Test-Driven Development experience highly desirable


  Experience with ElasticSearch is a plus


  Familiarization with structured design, development, and implementation of new computing architectures


  Ability to operate independently while establishing strong working relationships with co-workers


  Strong organizational and prioritization skills


  Demonstrate critical attention to detail and deadlines, and is self-motivated


  Ability to adapt to change in direction and priorities in a project and deadline-oriented environment


  Strong written and verbal English communication skills


 
 Additional Information
 
 All your information will be kept confidential according to EEO guidelines.",True,False,True,False,False,False,0,False,,
google_jobs,"Full Stack Developer (remote, open roster contract opportunity)",Crowdlinker,"Toronto, ON",,,https://ca.indeed.com/viewjob?jk=4d933d653fa6e698&utm_campaign=google_jobs_apply&utm_source=google_jobs_apply&utm_medium=organic,"Full Stack Developer (Remote, Open Roster Contractor Opportunity)

Please note: this is an open posting to be considered for future positions (on a remote, contract, hourly basis). EST candidates or ability to work EST hours preferred.

Please apply by filling out the questionnaire linked here to be considered (no other applications will be considered)

Crowdlinker is an end-to-end digital product studio based in Toronto and Barcelona with a relentless focus on our customers. We connect people through technology by being the strongest link between companies, their ideas, and their clients.

As a Full-Stack Developer, you will be responsible for ensuring that user stories and features of projects are executed using sound development practices and the most up-to-date and reliable tools. You will collaborate with product managers and designers to ensure that the problem is being solved in the correct manner. We are looking for developers with an obsession for clean, well-structured coding practices who think about the sustainability of the products they build.

Responsibilities
• Participate in technical design and planning discussions
• Provide timely and accurate estimates for project deliverables
• Hands-on troubleshooting, debugging and fixing of issues during development and post-release
• Implement features based on user stories and project requirements

What you bring

Experience:
• 4+ years of web / mobile development experience
• Proficient knowledge of backend programming languages like Node.js
• Proficient in using front-end frameworks such as React.js, React Native and Vue.js
• Excellent understanding of backend frameworks like Express, NestJS, or Laravel etc.
• Experience working with SQL databases (PostgreSQL/MySQL) ans NoSQL databases (MongoDB, DynamoDB, Redis, etc.)
• Experience with implementing and consuming REST APIs
• Proficient with Cloud Architecture like Azure Services
• Proficient with SSO Integration like OAuth and SAML
• Proficient with TypeScript, ES5/ES6, state management libraries like Redux / Context API, React Hooks, JSX and CSS-in-JS
• Experience with designing application architectures and concepts like unit testing, TDD, and continuous integration
• Strong understanding of project management tools such as Shortcut or JIRA
• Experience working with Agile principles
• Experience with Git for version control system such as GitHub
• Proficient in writing maintainable CSS / SCSS with a strong understanding of Flexbox & experience working with responsive web design frameworks, such as Bootstrap / Zurb Foundation

Must haves:
• Excellent communication skills (written and verbal) and can clearly articulate your product decisions
• Detail oriented, resourceful, creative, and strong logical and analytical skills
• Ability to work in a fast-paced environment and handle multiple projects simultaneously
• Passionate about testing, quality, technology, and excellence

Nice to Haves:
• Native App Development experience such as iOS - Swift, Android - Kotlin and SDK experience

Duration of the role

This is an hourly contractor position.

How to apply

Please apply by filling out the questionnaire linked here to be considered (no other applications will be considered)",True,False,True,False,False,False,0,False,,
google_jobs,Website Developer – Contract (Remote),Twine,Canada,,,https://www.techjobs.ca/job/b4298a06-0f73-4531-8e25-68ef40dd4fd4?utm_campaign=google_jobs_apply&utm_source=google_jobs_apply&utm_medium=organic,"This opportunity is designed for experienced web developers, web design agencies, and freelancers who regularly build websites for businesses requiring integrated payment functionality. The partnership focuses on referring clients in need of payment processing, terminals, or online checkout solutions. As a partner, you will connect your clients to a trusted payment processor, ensuring they receive seamless onboarding, ongoing support, and reliable payment infrastructure. This role is ideal for professionals serving small and medium businesses, especially those working with eCommerce platforms like Shopify, WooCommerce, or custom checkout integrations. The partnership offers a choice between recurring revenue share or a one-time referral fee, providing flexibility and a mutually beneficial arrangement.
• *Deliverables**

- Refer clients who require payment processing, online checkout, or terminal solutions.
- Facilitate introductions between your clients and the payment processor for onboarding.
- Maintain clear communication with clients regarding payment solution options.
- Collaborate with the payment processor’s support team to ensure smooth client setup.
- Utilize the partner portal to track referrals and commission status.
- Stay informed about the latest payment technologies and integration best practices.
• *Requirements**

- Proven experience as a web developer, web designer, or agency working with eCommerce, retail, or service provider clients.
- Familiarity with integrating payment gateways such as Shopify, WooCommerce, or custom checkout solutions.
- Strong client relationship management and communication skills.
- Ability to identify client needs related to payment processing and recommend suitable solutions.
- Professional approach to partnership and client referrals.
- Based in the US or Canada, or serving clients in these regions.
- Availability to collaborate on a contract basis and manage multiple client referrals.
• *About Twine**
Twine is a leading freelance marketplace connecting top freelancers, consultants, and contractors with companies needing creative and tech expertise. Trusted by Fortune 500 companies and innovative startups alike, Twine enables companies to scale their teams globally.
• *Our Mission**
Twine's mission is to empower creators and businesses to thrive in an AI-driven, freelance-first world.",True,False,True,False,False,False,0,False,CA,techjobs.ca
google_jobs,Senior .NET Lead: Web & Mobile Architecture | Remote,Ward Technology Talent,Canada,2 days ago,,https://www.jobleads.com/ca/job/senior-net-lead-web-mobile-architecture-remote--canada--e0626aeb3ee3c79f5ae94ffb69221012c?utm_campaign=google_jobs_apply&utm_source=google_jobs_apply&utm_medium=organic,"A leading technology staffing agency is seeking a Senior .Net Developer to join their engineering team in Canada. This role involves working on innovative software solutions and mentoring less experienced developers. Candidates should have over 8 years of experience in web development using C#, preferably with a background in .NET MVC or .NET Core MVC. Familiarity with CI/CD concepts and React Native is a plus. This is a contract position with remote work options.",True,False,True,False,False,False,0,False,CA,jobleads.com
google_jobs,Intermediate Full Stack Developer .NET (6-month contract),TC Transcontinental,Canada,,,https://ca.indeed.com/viewjob?jk=0f78282445838e5f&utm_campaign=google_jobs_apply&utm_source=google_jobs_apply&utm_medium=organic,"Overview:

Create value at TC Transcontinental.

At TC Transcontinental, we've got it made, and that's because of the expertise of our team.

We have been driving innovation since 1976.

With approximately 7400 employees, TC Transcontinental is a North American leader in flexible packaging, a Canadian retail marketing services provider, Canada’s largest printer, and the Canadian leader in French-language educational publishing. Respect, teamwork, performance and innovation are the strong values held by the Corporation and its employees. TC Transcontinental's commitment to its stakeholders is to pursue its business activities in a responsible manner. We take care of our team, support each other and cultivate a sense of belonging for all.

We are currently looking for a Intermediate Full Stack Developer. Reporting to the Software Develop Manager. The Full Stack Developer will be working in .NET environment. Main responsibilities will include implementation of new features, change requests and bug fixes of in-house developed solutions and building new solutions from the ground up. Successful candidate will be required to participate in code reviews, provide feedback and contribute with process improvements as well as understand business and technical requirements for existing and new solutions. Candidate will be working closely with QA and product management teams as well as analysts within the team.

This position is currently open and reflects a replacement position due to an internal transfer, promotion, or departure.

The salary range for this position is $84,000 – $110,250 per year, commensurate with experience, education, and internal equity. This range is provided to ensure clarity and promote equitable access to employment opportunities.

Responsibilities:

When your actions lead to success:

The incumbent will be responsible for but not limited to:
• Develop and unit test moderate to complex programs/modules according to specific business and design requirements for in-house developed solutions
• Deliver on enhancements/product progression projects on time and on budget per project plan
• Provide support and enhancements to existing production applications to minimize outage time and increase effectiveness of business
• Liaise with architects, Leads, QA, Business Analysts, and Project Managers to define software requirements; and to assess feasibility of solution within time constraints
• Produce code that is secure, reliable, reusable, and scalable
• Create implementation instructions and support application deployments
• Work with QA and Product team to review problems, define and test solutions.
• Follow industry standards in application development, secure coding, and testing

Qualifications:

When your expertise drives us:

Mandatory:
• Degree or Diploma in Computer Science, Engineering, or IT related field
• 5+ years of hands-on experience in Service and Microservice oriented architecture, Web-based development, and cloud-based development
• 5+ years' experience in web application development in .NET environment is a MUST
• Knowledge of web technologies, web services, protocols and methodologies including languages like Java-script, Typescript, Angular, React, Node.JS, View.JS, jQuery, HTML, CSS, XML
• Knowledge of .NET languages and frameworks (C#, .NET Core, Blazor, MVC, VB.NET, ASP.NET)
• Knowledge of database technologies such as Mongo DB, MySQL, MS SQL and SQLite
• Experience with IDEs such as Visual Studio/IntelliJ/Eclipse and build tools such as Gradle, Ant, Maven, Tomcat, sub-versioning (GIT), & unit testing
• Excellent analytical problem diagnosis, investigation and solving skills
• Ability to fully take ownership of a project or a product is a must, with minimal support after initial ramp-up period
• High attention to detail and ability to learn and adapt to high paced environment where a candidate is required to often switch from one project to another
• Excellent communication skills both verbal and written required (ability to receive and provide feedback a must)
• Ability to work well in a team environment or solo and under tight deadlines is a must

Desirable Skills:
• Adobe Creative Suite a strong asset (InDesign in particular)
• Java knowledge a strong asset
• Skilled in User Experience-driven design development
• Results-oriented with a disciplined approach to documentation
• Bilingual in English & French a strong asset
• Experience in mobile application development with good understanding of responsive and UX design using most common mobile SDKs is an asset
• Will work best in a flexible generalist environment with a broad scope of application – AGILE methodology experience is desirable

When benefits really help you live better:

We offer a comprehensive and flexible benefits package designed to support your well-being and help you thrive—at work and at home. Our offerings include:
• Competitive compensation with performance-based incentives and retirement savings plans with company match
• Customizable group benefits including health, dental, life, disability, and travel insurance
• Paid time off
• Employee perks such as discounts on insurance, wireless plans, travel, and more
• Career development opportunities with access to training, mentorship, and tuition reimbursement
• A dynamic, inclusive work environment where your voice matters and your growth is supported

TC Transcontinental is committed to fair, transparent, and equitable hiring practices. We disclose that no artificial intelligence (AI) tools or automated decision-making systems are used in our recruitment or selection process.

TC Transcontinental is an equal opportunity employer committed to fostering a diverse, inclusive, and accessible workplace. We prohibit discrimination and harassment of any kind based on race, color, religion, sex, gender identity or expression, sexual orientation, age, national origin, disability, veteran status, or any other characteristic protected by applicable laws in the jurisdictions where we operate.

We are also committed to providing an inclusive and barrier-free recruitment and work environment—promoting dignity, independence, integration, and equal opportunity for all, including persons with disabilities. Accommodations, including alternative formats, will be made available for all parts of the recruitment and selection process. For more information or to request an accommodation please contact talent@tc.tc.

Send us your application. Create something with TC Transcontinental.",True,False,False,False,False,False,0,False,CA,
google_jobs,Senior.NET Applications Dev (Remote Contract),Handis Consulting Inc.,"Toronto, ON",29 days ago,,https://ca.talent.com/view?id=3c8eed81b9af&utm_campaign=google_jobs_apply&utm_source=google_jobs_apply&utm_medium=organic,"A consulting firm is looking for a Senior Application Developer in Edmonton, Canada for a 12-month full-time contract with the possibility for extension. The candidate will handle responsibilities ranging from application development to liaising with business units for effective solutions. Strong knowledge of .NET C#, Microsoft SQL, and relevant work experience is required. This role offers an hourly rate of $105 with primarily remote work, while onsite meetings may be expected occasionally.

#J-18808-Ljbffr",True,True,True,False,False,False,0,False,,ca.talent.com
google_jobs,Web Developer & Designer,Becca Jules & Co.,"Calgary, AB",20 hours ago,,https://ca.linkedin.com/jobs/view/web-developer-designer-at-becca-jules-co-4373043407?utm_campaign=google_jobs_apply&utm_source=google_jobs_apply&utm_medium=organic,"Becca Jules & Co. —Calgary, AB (Remote)

About Us

Becca Jules & Co. is a boutique consulting firm that lives where marketing meets operations. We partner with small and medium sized businesses to design client experiences that fuel trust, growth, and long-term success. Our work blends strategy, execution, and leadership — helping clients simplify, show up consistently, and deliver on their promise.

The Role

We’re looking for a Web Developer & Designer to work with our team on a remote, project basis. We’re seeking someone with 10+ years of experience who enjoys helping business owners get to the next level and is self-driven enough to thrive in a remote environment. At the same time, we want someone who values balance, can manage deadlines confidently, and appreciates a flexible work schedule.

The primary responsibility is web development in Squarespace and WordPress. From a design perspective, you will be implementing designs created by our Creative Director, while also being responsible for designing certain web pages and select projects independently.

An added asset would be someone comfortable with graphic design, owning smaller projects such as flyers, brochures, social posts, and building assets in Canva.

This role is essentially a web development and design expert, someone who is technically strong, creatively capable, and confident working autonomously.

What You’ll Do

Web Development
• Lead web development projects in Squarespace and WordPress
• Interpret Hotjar insights and implement strategic improvements based on user behavior
• Ongoing website maintenance and updates for WordPress sites
• Liaise directly with clients to gather feedback and provide clear instructions regarding access, logins, and next steps
• Ensure proper setup and verification of tracking, including Google Analytics and Google Search Console
• Take full responsibility for website QA prior to launch and post launch
• Troubleshoot complex issues and proactively develop effective solutions
• Provide post-launch training and create Loom videos for clients

Web Design
• Primarily implement designs created by our Creative Director, delivered via Figma
• Lead the design of select pages and smaller website projects as needed
• Accurately translate client branding into cohesive, high-performing web layouts

Small Graphic Design Projects
• Support smaller design projects such as flyers, print ads, and promotional materials
• Design and build assets in Canva
• Design and build newsletters in Mailchimp

Who You Are
• You are a digital jack-of-all-trades, with a strong emphasis on website development
• A confident communicator and natural relationship-builder
• Comfortable working with clients and being present on client calls
• You read tasks thoroughly, understand the details, and ask thoughtful questions when something is unclear
• You own your work fully, QA it until it’s ready for both internal and client review
• You’re not afraid to show your skills, voice ideas, and collaborate openly
• You’re comfortable moving between big-picture strategy and detail-oriented execution
• Proactive, solutions-oriented, and adaptable, you thrive in a fast-moving environment
• You value collaboration, clarity, and empowerment as much as we do
• And most importantly, you’re genuinely nice and easy to work with - sense of humour a plus

Why Join Us

At Becca Jules & Co., you’ll be part of a team that values growth, accountability, and balance — with a strong sense of fun and mutual respect. You’ll work on diverse projects with the freedom to lead, create, and make an impact.",False,False,True,False,False,False,0,False,,
google_jobs,FULLY REMOTE - Intermediate Full Stack.NET Developer to transform excel- log tracking system into web,S.i. Systems,"Winnipeg, MB",4 days ago,,https://www.learn4good.com/jobs/online_remote/info_technology/4871820401/e/?utm_campaign=google_jobs_apply&utm_source=google_jobs_apply&utm_medium=organic,"Position: FULLY REMOTE - Intermediate Full Stack.NET Developer to transform an excel-based log tracking system into a web

Our mining client is looking for a FULLY REMOTE - Intermediate Full Stack .NET Developer to transform a complex Excel-based log tracking system into a dynamic and user-friendly web application.

This role is ideal for a developer who enjoys bridging functionality and design, someone who can translate spreadsheets and business logic into a seamless, data-driven digital solution with an intuitive user interface.

Note:

Fully Remote working on MST hours, 6 months to start, 40 hours a week

Must Have:
• 3+ years of professional experience in software development with .NET (C#).
• 2+ years of hands-on experience with Angular

JS or similar front-end frameworks.
• Strong understanding of SQL databases, data modeling, and query optimization
.
• Experience integrating front-end and back-end components in a full-stack environment.
• Solid understanding of RESTful API development and best practices.
• Creative mindset with a passion for clean UI/UX design
.

Nice-to-Have Skills
• Experience with Entity Framework, LINQ, or Azure Web Apps.
• Familiarity with modern Angular (Angular 2+) or React.
• Experience with Kendo UI
• Knowledge of Agile/Scrum methodologies.
• Exposure to CI/CD pipelines or Git-based workflows.

Duties:
• Analyze and translate the current Excel log sheet structure and formulas into a scalable web-based application.
• Design and develop both front-end and back-end components using .NET (C#) and Angular

JS frameworks.
• Develop and maintain SQL Server databases to store, retrieve, and manage log data efficiently.
• Create a responsive, user-friendly UI that enhances usability and accessibility across devices.
• Implement data validation, reporting, and search functionalities for better tracking and visibility.
• Collaborate with stakeholders to gather requirements and incorporate feedback throughout development.
• Ensure application performance, security, and reliability through testing and optimization.
• Document code, processes, and deployment instructions for long-term maintainability.",False,False,True,False,False,False,0,False,,learn4good.com
google_jobs,C#/.Net Developer - TMS - (US Remote),GuruLink,Canada,6 days ago,,https://ca.indeed.com/viewjob?jk=37f6013cffac5f71&utm_campaign=google_jobs_apply&utm_source=google_jobs_apply&utm_medium=organic,"C#/.Net Developer - TMS - (US Remote)

REMOTE / Orlando, Florida, USA - Contract
This job allows you to work remotely

Job Description

This contract (US-based Corp to Corp)

C#/.Net Developer:

This project, part of the Replace–Transportation Management System (TMS) QDP initiative, aims to replace the existing Manhattan Associates TMS with the new Manhattan Active Transportation Management (MATM) solution. The scope includes coding and testing changes to Transportation Execution Systems to support the deployment of the MATM solution.

This position will be responsible for:

Designing/developing the application services for an enterprise application solution
Creating unit test plans/cases, developing, unit testing, and conducting code & unit test walkthroughs

Contract Terms:
• Initial 6-month contract to start (Approx: 1040 standard hours)

- Working hours: 8 am - 4:30 pm (EST). The contractor must work the EST time zone.

Important – Please Read Before Applying:
• U.S. Citizenship or Permanent Residency (Green Card) required. Candidates must have unrestricted authorization to work in the United States.
• U.S. residency required. Applicants must currently reside within the United States for the duration of this engagement.
• No subcontracting or candidate re-assignment permitted. This role is strictly for the individual applying.

Fraud prevention notice:

Applications involving impersonation, proxy interviews, AI/deepfake representation, or misrepresentation of identity will be disqualified immediately.

Must Have Skills:

Skills Required:
• 4+ years’ experience in analysis, design, and coding
• 4+ years’ experience designing and building applications using object-oriented analysis & design techniques (OOAD)
• 4+ years’ experience with the following:

o .Net Framework

o C#.NET, ASP.NET

o Microsoft WebAPI

o Microsoft / Azure / Oracle SQL Server, SSRS
• 2+ years of experience with the following:

o .Net Core

o Kubernetes
• Experience with Microsoft Team Foundation Server/Git Source Control/Azure DevOps
• Experience with Open Source Logging frameworks
• Experience working in an agile development environment using Azure DevOps
• Must be flexible and able to handle all situations in a professional manner
• High degree of self-motivation, commitment and integrity
• Must have an excellent attendance and punctuality record
• Excellent teamwork and communication skills
• Bachelor’s degree in Computer Science or a related analytical field, or equivalent experience, is preferred

Special Qualifications:
• Experience with Azure DevOps Boards and Work Items
• Experience managing pipelines and CI/CD in Azure DevOps
• Experience managing automated deployments with the Octopus tool
• Experience in implementing design patterns/services-oriented architecture/XML web services

Details:
Starting: ASAP

Tags:

C#.NETASP.NETAzureSQLKubernetesAzureDevOPS",True,True,True,False,False,False,1,False,CA,
google_jobs,Remote Software Engineer (Canada),Turing,"Toronto, ON",1 day ago,,https://ca.linkedin.com/jobs/view/remote-software-engineer-canada-at-turing-4373971751?utm_campaign=google_jobs_apply&utm_source=google_jobs_apply&utm_medium=organic,"About Us:

Based in San Francisco, California, Turing is the world’s leading research accelerator for frontier AI labs and a trusted partner for global enterprises deploying advanced AI systems.

Turing supports customers in two ways: first, by accelerating frontier research with high-quality data, advanced training pipelines, plus top AI researchers who specialize in software engineering, logical reasoning, STEM, multilinguality, multimodality, and agents; and second, by applying that expertise to help enterprises transform AI from proof of concept into proprietary intelligence with systems that perform reliably, deliver measurable impact, and drive lasting results on the P&L.

Project Overview:

As a Software Engineering evaluator, you will create cutting-edge datasets for training, benchmarking, and advancing large language models, collaborating closely with researchers. This includes curating code examples, providing precise solutions, and making corrections in Python, JavaScript (including ReactJS), C/C++, Java, Rust, and Go; evaluating and refining AI-generated code for efficiency, scalability, and reliability; and working with cross-functional teams to enhance enterprise-level AI-driven coding solutions.

What Does a Typical Day Look Like?
• Working on AI model training initiatives by curating code examples, building solutions, and correcting code in Python, JavaScript (including ReactJS), C/C++, Java, Rust, and Go.
• Evaluate and refine AI-generated code to ensure that it is efficient, scalable, and reliable.
• Collaborate with cross-functional teams to enhance AI-driven coding solutions against industry performance benchmarks.
• Build agents that can verify the quality of the code and identify error patterns.
• Hypothesize on steps in the software engineering cycle (prototyping, architecture design, API design, production implementation, launch, experiments, monitoring, operational maintenance) and evaluate model capabilities on them
• Design verification mechanisms that can automatically verify a solution to a software engineering task.

Required Skills:
• Several years of software engineering experience (+5 years), including 2+ years of continuous full-time experience at a top-tier product company (e.g., Google, Stripe, Amazon, Apple, Meta, Netflix, Microsoft, Datadog, Dropbox, Shopify, PayPal, IBM Research).
• Strong expertise in building full-stack applications and deploying scalable, production-grade software using modern languages and tools.
• Deep understanding of software architecture, design, development, debugging, and code quality/review assessment.
• Excellent oral and written communication skills for clear, structured evaluation rationales.

Engagement Details:
• Commitment: flexible engagement, minimum 10 hrs/week, up to 40 hrs/week (partial PST overlap required)
• Type: Contractor (no medical/paid leave)
• Duration: 1 month (starting next week; potential extensions based on performance and fit)
• Location: Candidates must be based out of US, Canada or WEU countries (UK, Netherlands, Italy, Germany, …)

Note: As part of assessments you will go through an AI video interview.

After applying, you will receive an email with a login link. Please use that link to access the portal and complete your profile.

Know amazing talent? Refer them at turing.com/referrals, and earn money from your network.",True,True,True,False,False,False,0,False,,
google_jobs,Mid .NET Developer,Link Group,,,,https://nofluffjobs.com/job/mid-net-developer-link-group-remote?utm_campaign=google_jobs_apply&utm_source=google_jobs_apply&utm_medium=organic,"At Link Group, we specialize in building tech teams for Fortune 500 companies and some of the world's most exciting startups. Our mission is to connect talented professionals with opportunities that align with their skills, interests, and career aspirations.

We are currently looking for a Mid .NET Developer to join our team and contribute to innovative, cutting-edge projects in the IT sector.

About the Project

The project is in the finance/stock exchange industry, where you will work on developing a web portal for managing financial accounts and investments. Our Agile teams employ the latest technologies to ensure high-quality and secure solutions.

What We Offer
• Tailored opportunities to match your professional interests and goals.
• A dynamic and collaborative work environment.
• Access to exciting and diverse projects for global clients.
• Competitive compensation aligned with your expectations.
• Ongoing opportunities for professional growth and development.

If you're ready to take on new challenges and work on groundbreaking projects in the IT industry, we'd love to hear from you!",False,False,True,False,False,False,0,False,,nofluffjobs.com
google_jobs,Looking for developers,Lofi Eth,Anywhere,5 days ago,,https://laborx.com/jobs/looking-for-developers-101582?utm_campaign=google_jobs_apply&utm_source=google_jobs_apply&utm_medium=organic,"Looking for developers for our project
You must be experienced in both Python (Fast API Backend) and TypeScript (Frontend)
Contact me to discuss details",False,False,False,False,False,False,0,False,,laborx.com
google_jobs,Senior C# Backend Developer (French Services) (Telework/Hybrid),CBC/Radio-Canada,Anywhere,7 days ago,,https://emplois.ca.indeed.com/viewjob?jk=9e33c083223c7772&utm_campaign=google_jobs_apply&utm_source=google_jobs_apply&utm_medium=organic,"Position Title:

Senior C# Backend Developer (French Services) (Telework/Hybrid)

Status of Employment:

Contractee Long-Term (Durée déterminée)

Position Language Requirement:

French

Language Skills:

French (Reading), French (Speaking), French (Writing)

Work at CBC/Radio-Canada

At CBC/Radio-Canada, we create content that informs, entertains and connects Canadians on multiple platforms. Our successes and accomplishments are driven by embodying and upholding values, which include creativity, integrity, inclusiveness and relevance.

Do you think you have the ability and drive to keep up with this exciting, ever-changing industry? Whether it be in front of the camera, on air, online or behind the scenes, you would be joining a team that thrives on making connections and telling stories that are important to Canadians.

Unposting Date:

2026-02-26 11:59 PM

Why work at CBC/Radio-Canada?

When you come to CBC/Radio-Canada, you’re not only joining the undisputed leader in expressing Canadian culture – you’re also participating in its digital revolution. Here, you’ll actively contribute to creating innovative projects on our major platforms and will find a stimulating, state-of-the-art and team-focused work environment.

This is a hybrid position with a mix of in-office and remote work. Work arrangements will be discussed with hiring managers per departmental guidelines.

Your role

We're looking for a C# backend developer who's passionate about designing and evolving modern, high-volume APIs. Your mandate will be to evolve, maintain, and build strategic integrations with key systems (Data Lake, Data Clean Room, Customer Data Platform, Data Management Platform). You'll actively contribute to ensuring the robustness of these APIs, as well as the high quality and reliability of the data they process and transmit. This is a stimulating technological challenge at the heart of our data ecosystem.

This opportunity is a chance to join the Digital Media team, where a significant initiative to modernize Radio-Canada's digital ecosystem is underway to make it more resilient in a changing media landscape. This work involves close collaboration with several sectors and will contribute to building the future of the public broadcaster.

Advantages and work environment
• Salary compensation for contractual employees
• Competitive group insurance benefits
• Telecommuting tailored to employee’s needs
• Casual dress code

Key Responsibilities
• Participate in the analysis and development of the solution's code.
• Ensure the good performance of the solution.
• Evolve other data synchronization systems according to the established needs.
• Participate in code reviews.
• Contribute to the development of backlog stories.
• Participate in and contribute to agile ceremonies, as well as the deployment of solutions.

We are looking for a candidate with the following
• University degree or equivalent experience.
• At least 4 years of experience in software development.
• Proficiency in C#.
• Proficiency in API REST protocols.
• Proficiency in JavaScript/TypeScript an asset.
• Good knowledge of Git.
• Good knowledge of MongoDB and SQL Server.
• Good knowledge of ASP.NET Core and Web API.
• Knowledge of Azure Databricks an asset.
• Knowledge of Docker, Kubernetes and Azure cloud an asset.
• Rigor, autonomy, proactivity and resourcefulness.
• Fluency in French and working knowledge of written and spoken English, an asset.

Please note this is a 12-month contract position, renewable annually. This regular position is not a consulting assignment but a long-term opportunity with attractive CBC/Radio-Canada employee benefits.

Candidates may be subject to skills and knowledge testing.

We thank all applicants for their interest, but only candidates selected for an interview will be contacted.

As part of our recruitment process, candidates who advance to the next

step will be asked to complete a background check. This includes:
• A mandatory Criminal record check.
• Other background checks may be conducted based on the operational requirements of the position.

CBC/Radio-Canada is committed to being a leader in reflecting our country’s diversity. That’s because we can only create and tell the stories that connect Canadians, by having a workforce that mirrors the ever-changing makeup of our country. That’s why we, as an employer, value equal opportunity and nurture an inclusive workplace where our individual differences are not only recognized and valued, but also extend to and pervade all the services we provide as Canada’s public broadcaster. For more information, visit the

Diversity and Inclusion section

of our website. If you have accommodation needs at this stage of the recruitment process, please inform us as soon as possible by sending an e-mail to

recruitment@cbc.ca

.

You are invited to consult and familiarize yourself with our Code of Conduct, which can be found on our

corporate website

. All employees must adhere to the Code as a condition of employment. We also invite you to take a look at our policy on

conflicts of interest

. In the event that you become an employee, it will be important to inform us, as quickly as possible, of any situation that, because of your hiring, constitutes or could appear to constitute a conflict of interest.

Primary Location:

1000, Rue Papineau, Montreal, Quebec, H2K 0C2

Number of Openings:

1

Work Schedule:

Full time",True,True,True,False,False,False,0,False,,
google_jobs,Senior Shopify Developer (Remote + Flexible),Storetasker,Anywhere,,,https://weworkremotely.com/remote-jobs/storetasker-senior-shopify-developer-remote-flexible-3?utm_campaign=google_jobs_apply&utm_source=google_jobs_apply&utm_medium=organic,"Shopify developers love to freelance with Storetasker.
• Endless, quality clients: from well known DTC brands to top agencies.
• Fully remote, flexible: work as much or as little as you want, wherever you want.
• A talented and helpful community: it's freelance (with a team).
• Earn $100-$200 per hour: pick your clients, and send your own quotes or retainers.

We've connected our community of Shopify developers to over 32,000 e-commerce brands. From new brands pre-launch, to some of the most successful Shopify Plus sites, to top creative agencies. Clients include: Alpha Industries, Boll & Branch, Superfluid, Jack Henry, Plenaire, and Fulton among many more.

Why Storetasker?
• Endless clients & project opportunities: you’ll see between 5 - 50 new opportunities per day and can pick any lead you want.
• You’ll earn more: some experts are making $250k+ per year.
• A high quality community: we carefully select about 5% of those who apply.
• Remote: work from anywhere, anytime.
• Flexible: take on as many clients as you want.
• No external ratings: you’re already a professional. No need to prove it.
• Great Software: that makes it easy to manage more clients and increase billable hours.
• Support when you need it: we offer project support 7 days per week.
• Community (not competition): you pick your clients, projects, and never compete against other Experts in the community.

Learn more and join! It’s confidential, and takes less than 5 minutes.

Here's who we're looking for:
• Ambitious part time and full-time freelancers and boutique agencies.
• Who have 3+ years of Shopify experience, and 5+ years of web development experience.
• And who have managed projects, deadlines, and communication successfully.

Especially people with some of these skills:
• Front-end or full-stack Shopify development
• Headless e-commerce development
• Conversion rate optimization
• E-commerce expertise and strategy
• SEO
• Site Speed
• Builder and/or Shogun

It takes just a few minutes to join.

Here's what a few current members have to say:

""Storetasker has changed my life - I'm not only making more, but I'm getting quality leads, a diverse slate of projects, and access to an amazing group of developers. Plus, I love the HQ team!"" - Adan, United States, Storetasker Expert since March 2020

""Storetasker has connected me with clients that would never have been possible without them. That combined with an incredible support network and community makes joining an amazing opportunity for any developer”"" - Mark, England, Storetasker Expert since 2019

""Storetasker has allowed me to live out my dreams as an independent developer - to move to Toronto and continue doing what I love: solving interesting problems and helping apparel companies grow."" - Siah, Canada, Storetasker Expert since 2017

Our Mission:

We're a company built by ex-freelancers who know the ins and outs of being an independent entrepreneur. We've experienced first-hand the shortcomings of other freelance platforms and the pain-points of being fully independent. Our mission is to empower e-commerce entrepreneurs by giving them the experts, insights, and resources to succeed.

Questions? Reach out at experts@storetasker.com.",True,True,True,False,False,False,0,False,,weworkremotely.com
google_jobs,Full Stack Developer (Contract),Stack And Co Software Recruiters,Anywhere,20 days ago,,https://jobgether.com/offer/697bc3f956210e2729211d6b-full-stack-developer-contract?utm_campaign=google_jobs_apply&utm_source=google_jobs_apply&utm_medium=organic,"This a Full Remote job, the offer is available from: Anywhere

Our client is looking an experienced Full Stack Developer with experience in PHP and JavaScript (this role will be remote in the short term).

The company is a great client who are creative yet technical at the same time.

Requirements
• 5+ years Full Stack Development experience
• Expert level knowledge of PHP and JavaScript
• Experience in Laravel and React
• The right to work in Ireland immediately

This offer from ""Stack And Co Software Recruiters"" has been enriched by Jobgether.com and got a 82% flex score.",True,False,True,False,False,False,0,False,,jobgether.com
google_jobs,UI Developer Contract,Limit Break,Anywhere,,,https://beincrypto.com/jobs/p/UI-developer-contract-limit-break?utm_campaign=google_jobs_apply&utm_source=google_jobs_apply&utm_medium=organic,"## Responsibilities: What you’ll do
📍 Work closely with design and tech teams to conceptualize and prototype interface functionality and flows.
📍Help game designers to conceptualize and visualize systems and features.
📍Translate system requirements into experiencesCraft UX artifacts to communicate solutions.
📍Design wireframes, flow diagrams, and prototypes of various fidelity.
📍 Establish and maintain patterns for flows, layouts, and interactions.
📍Prepare and maintain documentation, >
📍Collaborate with the tech team to ensure high quality implementation of the UI systems.
📍Work closely with artists and visual designers to develop and support a consistent visual identity and language that supports the experienceIterate and evolve designs based on player feedback

## Who you are and what you’ve done: You will enjoy working on our team and perform well if you can answer “yes” to the following:
📍 Are you a believer in the Empowered Product Team model (vs Delivery or Feature teams)?
📍Do you have the confidence to challenge and ask ‘why’ when you don’t understand or have a different POV?
📍Can you get valuable things done even when there are multiple barriers to doing so?
📍Are your default settings energetic, optimistic, actions focused, solutions focused?
📍 Can you thrive in a very agile, constantly and rapidly changing environment?
📍Are you a self-starter able to move forward with minimal direction and without full clarity?
📍Can you communicate clearly, concisely and persuasively (even on technical subjects)?
📍Are you able to influence and build consensus across all disciplines and levels?
📍Do you have a strong attention to detail, taking pride in delivering first class outputs?
📍Do you intuitively know when to challenge and when to pull back and/or try another route to getting what you need from people?",True,False,False,False,False,False,0,False,,beincrypto.com
google_jobs,Application Developer- Intermediate - 702,Recutify Inc.,Anywhere,,,https://ca.indeed.com/viewjob?jk=4a0e33fbea512088&utm_campaign=google_jobs_apply&utm_source=google_jobs_apply&utm_medium=organic,"Application Developer - Intermediate
Remote/Canada
Long-term Contract
Experience developing any of the following: multi-user, n-tier, Object Oriented, Web Services, JSON REST API applications using C#, .NET, ASP.net or Visual Studio.

Experience and technical knowledge of Microsoft SQL Server.

Experience in application maintenance and development that include: writing, modifying, integrating, testing, and documenting software code.

Experience in designing, building, testing, deploying, and supporting applications in a controlled production environment.

Experience with Microsoft Azure DevOps Server

Experience with various software development methodologies (i.e. agile, waterfall, scrum, Kanban, etc.).
Experience with various software development methodologies (i.e. agile, waterfall, scrum, Kanban, etc.).

Experience working in a Government development environment or in an environment equivalent in size and complexity to the Government of Alberta

Experience and technical knowledge using ASP.NET MVC (Model View Controller).

Experience developing and maintaining applications that use Oracle Database 19c

Experience developing and maintaining web services, JSON REST API and Message queuing services using .NET C# services

Experience using a version-controlling tool (Tortoise GIT, Tortoise SVN and Version Manager and MS Azure DevOps).",True,False,True,False,False,False,0,False,,
google_jobs,Shopify Designer and Developer,GT Ecom BV,Anywhere,,,https://dailyremote.com/remote-job/shopify-designer-and-developer-4128088?utm_campaign=google_jobs_apply&utm_source=google_jobs_apply&utm_medium=organic,"Founded in 2018 and headquartered in The Netherlands, GT Ecom BV is on a mission to build the most efficient global direct-to-consumer infrastructure and become the world’s largest e-commerce company—powered by a collective of successful, scalable brands. By 2026, we’re aiming to achieve $500 million in revenue and operate over 50 thriving online stores worldwide.

With a team of 160+ top-tier remote e-commerce professionals across the globe, we blend local brand experiences with cross-border logistics, ensuring every customer feels connected—no matter where they are.

At our core, we value hard work, freedom with responsibility, constant improvement, and a mindset of positivity. We believe in building a high-performance, remote-first culture where honesty, excellence, and creativity drive everything we do—because the future of work is global, and we’re building it together.

The Upsides of Working with Us

💪 Hard Work That Matters

We’re surrounded by people who care deeply and give their best. We don’t settle for average—we show up, push boundaries, and aim high. That shared drive creates momentum and meaning in everything we do.

🔓 Freedom with Responsibility

You have the freedom to choose how, when, and where you work—but freedom only thrives when it’s paired with ownership. We trust you to manage your time, meet your commitments, and take responsibility for your impact.

📚 Constant Improvement

Growth is part of our DNA. We believe in learning, evolving, and getting 1% better every day. Whether it’s a new skill, a fresh mindset, or sharper execution—stagnation isn’t in our vocabulary.

🌞 Positivity by Default

We approach people, problems, and communication with a positive mindset. That means giving the benefit of the doubt, staying constructive, and keeping energy high—even when challenges arise.

🗣️ Honesty & Transparency

We believe the fastest way to move forward is through clear, honest communication. No politics. No guessing games. Just straight talk that builds trust and strengthens our team.

🏆 Excellence Is the Baseline

We hold ourselves and each other to a high standard—not out of pressure, but out of pride. We care too much about what we’re building to accept ""good enough."" Excellence is the expectation.

🎯 Creativity Welcome Here

We encourage bold ideas, fast testing, and open collaboration. Failure doesn’t scare us—comfort does. That’s why creativity is valued as a core ingredient in everything from product to process.

We’re on the lookout for a Shopify Developer and Designer to join our expanding team and drive our company’s growth!

The Challenge

The company is dedicated to enhancing the performance of Shopify stores across a variety of markets. To support this initiative, we are on the lookout for a seasoned Designer with proven expertise in Shopify development. This role will be instrumental in building responsive, high-performance web applications that enhance user experience and drive conversions.

Day in the Life of a Shopify Developer and Designer at GT Ecom
• Implement user-friendly interfaces specifically for promotional offers on Shopify using HTML, CSS, and Javascript, ensuring a smooth and engaging customer experience.
• Work closely with the marketing team to translate promotional offer designs into functional and visually appealing web elements
• Enhance presentation and performance of promotional features within Shopify, focusing on improving user engagement and conversion rates.
• Perform thorough testing and debugging of promotional implementations on Shopify to guarantee seamless functionality prior to deployment
• Regularly maintain and improve existing Shopify codebases related to promotional offers

Your Team When You Join Us

In this role, you will be reporting to the Bulk Store Manager and work alongside an eight-member global team to develop and implement marketing strategies aimed at increasing bulk product visibility and sales through effective campaigns and engaging content.

We would love to hear from you if…
• You have at least 1 year of experience in Shopify design and front-end development.
• You are proficient in Shopify Liquid, HTML, CSS, JavaScript, and theme development, with experience in APIs, app integrations, responsive design, and performance optimization. Skilled in debugging, version control, and delivering scalable, high-quality code.
• You have a strong eye for UI/UX, branding, and visual design, able to craft engaging, conversion-focused storefronts. You are experienced with Figma/Adobe XD and excel at blending aesthetic design with functional usability.
• You have demonstrated expertise in responsive design principles, particularly in building promotional layouts that adapt seamlessly across devices.
• You possess excellent problem-solving skills, attention to detail, and strong communication abilities, enabling you to collaborate effectively with cross-functional teams.

If you are excited about the opportunity and feel like you are a good fit, we encourage you to apply today and talk to one of our recruiters. We look forward to seeing how your skills and experiences align with our vision. If unsure, we still welcome your application and would be happy to discuss other potential roles that may be a good fit for you.

Overview of Our Interview Process
• Application Submission - We’ll start by reviewing your application.
• Unpaid Trial Task - Create a banner for mobile and desktop view
• HR Interview - One of our recruiters will invite you to the HR interview
• Paid Trial Task - We will invite you to do the paid trial task
• Final Interview - Meet with the Hiring Manager
• Offer Discussion - If all goes well, we'll discuss the offer and invite you to our pre-onboarding process.
• Pre-Onboarding Process
• Background Check: Verification of your identification and declared address.
• Reference Check: We’ll contact your three references for their feedback.
• Onboarding: Once all checks are completed, we’ll initiate the onboarding process.

Let’s Set Expectations First
• This is not a salaried position. This is an Independent Contractor role.
• You must be able to commit at least 8 hours per day, 40 hours per week.
• We require everybody in the team to use Hubstaff (https://hubstaff.com/) to track hours worked.

Compensation
• We pay on an hourly basis.

If you are excited about the opportunity and feel like you are a good fit, we encourage you to apply today and talk to one of our recruiters. We look forward to seeing how your skills and experiences align with our vision.",True,False,True,False,False,False,0,False,,dailyremote.com
google_jobs,Freelance Web Developer – Work from Home Job,The Elite Job,Anywhere,19 hours ago,,https://theelitejob.com/job/14023/freelance-web-developer-%E2%80%93-work-from-home-job?utm_campaign=google_jobs_apply&utm_source=google_jobs_apply&utm_medium=organic,"Job Summary

The Elite Job is seeking a talented and self-motivated Freelance Web Developer to join our team remotely. As a Web Developer, you will be responsible for designing, developing, and maintaining high-quality websites and web applications for our diverse range of clients. This role offers flexibility, allowing you to work from home while collaborating with a team of professionals to deliver innovative web solutions. If you have a passion for coding, an eye for detail, and the ability to work independently, we encourage you to apply!
Key Responsibilities
• *

Develop responsive, user-friendly websites and web applications based on client requirements.
• *

Write clean, efficient, and well-documented code using HTML, CSS, JavaScript, and relevant frameworks.
• *

Collaborate with designers, project managers, and clients to ensure seamless user experiences.
• *

Optimize websites for speed, performance, and search engine optimization (SEO).
• *

Debug and troubleshoot website issues, ensuring smooth functionality across different browsers and devices.
• *

Stay updated with industry trends, emerging technologies, and best practices in web development.
• *

Manage and maintain existing websites by implementing updates and improvements.
• *

Ensure web accessibility standards and security measures are met.
• Required Skills and Qualifications
• *

Proficiency in front-end technologies: HTML, CSS, JavaScript, and frameworks like React, Vue.js, or Angular.
• *

Strong experience with back-end development using PHP, Python, Node.js, or other server-side languages.
• *

Familiarity with database management systems such as MySQL, PostgreSQL, or MongoDB.
• *

Experience with content management systems (CMS) like WordPress, Shopify, or Webflow.
• *

Knowledge of version control systems like Git/GitHub.
• *

Understanding of UX/UI principles and best practices.
• *

Ability to write clean, well-structured, and maintainable code.
• *

Strong problem-solving skills and attention to detail.
• Experience
• *

Minimum 2+ years of professional web development experience.
• *

Experience working in a freelance, remote, or contract-based environment is a plus.
• *

Proven portfolio of web projects showcasing front-end and back-end capabilities.
• Working Hours
• *

Flexible working hours – you set your own schedule based on project deadlines.
• *

Must be available for occasional virtual meetings and updates.
• Knowledge, Skills, and Abilities
• *

Ability to manage multiple projects and meet deadlines.
• *

Strong communication skills for client interactions and team collaboration.
• *

Self-motivated with the ability to work independently.
• *

Adaptability to new technologies and industry trends.
• Benefits
• *

Work from home – Enjoy the flexibility of a remote job.
• *

Competitive freelance rates – Get paid based on your experience and project complexity.
• *

Diverse projects – Work on different industries and creative web solutions.
• *

Career growth – Expand your portfolio and skillset in a fast-growing field.
• Why Join The Elite Job?

At The Elite Job, we value innovation, creativity, and flexibility. As a freelance web developer, you will have the opportunity to work with a dynamic team on exciting projects while enjoying the freedom of remote work. We believe in fair compensation, professional development, and fostering a supportive work environment where your skills can shine.
How to Apply

If you are passionate about web development and want to join our team, we would love to hear from you! To apply, please submit the following:
• *

Your resume/CV detailing your relevant experience.
• *

A portfolio showcasing your web development projects.
• *

A short cover letter explaining why you are the perfect fit for this role.
• Send your application to us with the subject line: Freelance Web Developer Application.

We look forward to working with you!",True,False,True,False,False,False,0,False,,theelitejob.com
google_jobs,Senior Frontend (Angular) Developer – 100% remote,"Georgia IT, Inc.",Anywhere,27 days ago,,https://jobgether.com/offer/69720af30365b76b0aba9870-senior-frontend-angular-developer---100-remote?utm_campaign=google_jobs_apply&utm_source=google_jobs_apply&utm_medium=organic,"This a Full Remote job, the offer is available from: Anywhere

Senior Frontend (Angular) Developer – 100% remote

Location – Phoenix AZ

Start Date – Immediately

Rate – DOE

12 Months plus contract

Job Description
• 5+ years of professional experience in frontend development
• 3+ years of hands-on experience with Angular (versions 2+)
• Strong proficiency in Typescript, JavaScript, HTML5, and CSS3
• Experience with state management in Angular (e.g., NgRx, RxJS)
• Familiarity with modern frontend build tools (e.g., Webpack, npm)
• Knowledge of responsive design and cross-browser compatibility
• Experience with version control systems, preferably Git
• Strong problem-solving skills and attention to detail
• Excellent communication skills and ability to work in a team environment

This offer from ""Georgia IT, Inc."" has been enriched by Jobgether.com and got a 82% flex score.",True,False,True,False,False,False,0,False,,jobgether.com
google_jobs,"Senior Full-Stack Developer; C#.Net, Angular - Remote Azure",Source Code,Anywhere,15 days ago,,https://www.learn4good.com/jobs/online_remote/software_development/4844198179/e/?utm_campaign=google_jobs_apply&utm_source=google_jobs_apply&utm_medium=organic,"Position: Senior Full-Stack Developer (C#.Net, Angular) - Remote Azure
A leading software development company is seeking a Senior Full Stack Developer for a fully remote contract role. The ideal candidate will have over 5 years of experience with C#.Net and strong skills in Angular and Azure. This role includes designing accessible front-end solutions, mentoring junior engineers, and performing root cause analysis on defects. A university degree in Computer Science or a related field is required.

Join a dynamic team that values engineering excellence and agile methodologies.
#J-18808-Ljbffr",True,False,True,False,False,False,0,False,,learn4good.com
google_jobs,.NET Developers (Talent Pool),Orangutech,Anywhere,,,https://ca.indeed.com/viewjob?jk=5df543e1f830f358&utm_campaign=google_jobs_apply&utm_source=google_jobs_apply&utm_medium=organic,"Description

Location: Ottawa, ON (Hybrid/Remote options available)
Type: Future Opportunities – Contractor and Full-Time Roles
Clearance: Varies by project (Secret or Reliability may be required for Federal Government work)

Orangutech is a trusted partner to the Government of Canada and leading organizations, specializing in delivering innovative technology solutions. We are building a pool of talented .NET Developers to support upcoming opportunities across multiple federal and enterprise projects.

As a .NET Developer in our talent pool, you will be considered for future roles where you’ll design, develop, and maintain enterprise applications leveraging the Microsoft stack. You’ll collaborate with business analysts, architects, and project teams to deliver secure, scalable, and high-performing solutions.

Key Responsibilities
• Develop, test, and maintain applications using C#, ASP.NET (Core/MVC), and .NET Framework/Core
• Build and consume RESTful APIs and Web Services
• Work with SQL Server (queries, stored procedures, optimization)
• Integrate solutions with Microsoft 365, SharePoint, Azure, or other enterprise systems (depending on project)
• Participate in code reviews, unit testing, and deployment processes
• Collaborate with cross-functional teams (BA, QA, DevOps, PMs) to deliver solutions on time
• Ensure compliance with security, accessibility, and coding standards

Skills, Knowledge + Nice to Haves
• 3+ years of professional experience as a .NET Developer
• Strong skills in C#, ASP.NET MVC/Core, Entity Framework
• Experience with JavaScript/TypeScript, HTML, CSS, and modern frameworks (React, Angular, or Blazor is an asset)
• Knowledge of cloud platforms (Azure preferred)
• Familiarity with Agile methodologies and DevOps practices (Git, CI/CD pipelines)
• Excellent problem-solving and communication skills

Nice-to-Have:
• Government of Canada project experience
• Active Federal Government security clearance (Reliability or Secret)
• Experience with Dynamics 365, Power Platform, or Microsoft 365 integrations
• Be first in line for new contract and full-time roles with Orangutech and our partners
• Opportunities to work on high-profile federal and enterprise projects
• Flexible work arrangements (remote, hybrid, on-site

Benefits
• Be first in line for new contract and full-time roles with Orangutech and our partners
• Opportunities to work on high-profile federal and enterprise projects
• Flexible work arrangements (remote, hybrid, on-site

About Orangutech

Orangutech is a Microsoft Gold Certified Partner in Collaboration and Content , Cloud Productivity, and Application Development. Orangutech has been in business since 2003. Specializing in Microsoft 365, Teams, SharePoint, and Power Platform. We provide both strategic services and software to implement the digital workplace, user adoption, and information management.",True,True,True,False,False,False,0,False,,
google_jobs,Node Js Developer- Remote,"Georgia IT, Inc.",Anywhere,27 days ago,,https://jobgether.com/offer/69720b700365b76b0abab435-node-js-developer--remote?utm_campaign=google_jobs_apply&utm_source=google_jobs_apply&utm_medium=organic,"This a Full Remote job, the offer is available from: Anywhere

Position: Node JS Developer

Location: Remote

Duration: Contract

Rate: DOE

U.S. Citizens and those authorized to work in the U.S. are encouraged to apply. We are unable to sponsor at this time.

Description:

Mandatory Skills:

AWS Lambda, NodeJS, AWS API Gateway

Job Description: Node.JS developer who should be able develop API service using Node JS and deploy on AWS with complete unit and integration testing.

AWS Lambda create lambda function with all the security in place.

Proficiency in Node JS (should have developed services, developed unit and integration testing)

Strong notions of security best practices (e.g. using IAM Roles, KMS, etc.).

Serverless approaches using AWS Lambda.

In addition, experience with React JS is highly desirable

AWS Connect Experience Desirable.

This offer from ""Georgia IT, Inc."" has been enriched by Jobgether.com and got a 82% flex score.",True,False,True,False,False,False,0,False,,jobgether.com
google_jobs,Salesforce Developer US east coast REMOTE,Noramtec Consultants,Anywhere,2 days ago,,https://www.learn4good.com/jobs/online_remote/info_technology/4877703492/e/?utm_campaign=google_jobs_apply&utm_source=google_jobs_apply&utm_medium=organic,"Location: Montreal

Overview

Salesforce Developer

The candidate is a proven team player, highly proficient in SQL development, strong critical thinker, well versed in methods of data analysis in a wide range of applications.

This position involves a high degree of independence and broad exposure to all aspects of development including configuration, maintenance, analysis, design, implementation and documentation.

The individual provides on-time and accurate estimation of work, ensures a high level of quality of team solutions, and is driven to meet commitments.

Duration: 6 month contract to hire (can be extended contract)
• Location:

Remote (cannot be in PST)

What you will do –

Essential Responsibilities:
• Partner with Product Manager to understand business requirements and translate to functional requirements
• Analyze source system application data and perform hypothetical testing to determine feasibility, viability, gaps and risks prior to integration with the MDM platform
• Work with the delivery team to understand implication / impact of proposed deliverables
• Lead the team in performing analysis required for UAT testing and validation
• Lead the team with analysis required for post implementation testing, validation and monitoring
• Lead the team with analysis required for troubleshooting and researching data inconsistencies

Qualifications and Requirements:
• Extensive experience with hands on development of complex SQL programs to enable analysis of application data
• Extensive experience with analytical methodologies to determine feasibility, viability, gaps and risks
• Proven track record of exhibiting strong critical analyzing facts in order to understand a business request or requirement thoroughly.
• Experience with agile methodologies
• Strong communication both written and verbal

Additional Notes:

Position is 30% Business Analysis, 50% Data Analysis and 20% Testing/Validation.

Strong Data Analyst with complex SQL development experience.

This experience should include:

o Business Analysis – translating and documenting, and relaying functional requirements to the developers

o Quantification of data quality in source and target data sets

o Hypothesis testing and predictive modeling of merge rules and suggested changes to the MDM platform
• This analysis should be performed in mostly SQL with a bit of Python.

o Candidate must have strong SQL development skills and have experience with hands-on development of complex SQL programs to analyze application data.",True,False,True,False,False,False,0,False,,learn4good.com
google_jobs,IT Support & VoIP Specialist & developer - Contract to Hire,Upwork,Anywhere,5 days ago,,https://www.upwork.com/freelance-jobs/apply/Support-VoIP-Specialist-developer_~022022268267433554601/?utm_campaign=google_jobs_apply&utm_source=google_jobs_apply&utm_medium=organic,"We are looking for an experienced IT Support and VoIP Specialist to provide general technical support for our team. The ideal candidate will assist with troubleshooting IT issues, implementing VoIP solutions, and ensuring overall system functionality. You will work closely with our staff to resolve any technical difficulties and optimize our communication systems. Strong problem-solving skills and a proactive approach are essential for this role.",True,False,False,False,False,False,0,False,,upwork.com
google_jobs,Senior Front End Developer | IDR Group,IDR Group,Anywhere,,,https://jobera.com/remote-job/senior-front-end-developer-idr-group/?utm_campaign=google_jobs_apply&utm_source=google_jobs_apply&utm_medium=organic,"Are you ready to be a part of a dynamic fintech company that’s bringing people and technology together to change the way the private markets operate? We’re on a mission to be the trusted hub of the private markets, connecting fund managers and investors around the globe. Through building cutting-edge technology enabled solutions, we’re revolutionizing the private markets investor journey, with a universally compliant single access token.

We do this by living true to our core values: We challenge the norm, we change the way we think and work, by connecting systems and people, while committing to best practice. We’re seeking a skilled Senior Frontend Developer to join our global team of experts.

Location: Cape Town, South Africa (Hybrid)

Position Overview:

Based in our office in Cape Town, This role is Hybrid. As a Senior Frontend Developer, you’ll spearhead our frontend development efforts, combining leadership with deep technical expertise. With your proficiency in React and your experience in other technologies such as Angular, you’ll play a pivotal role in crafting and optimizing our web applications, ensuring they’re both innovative and robust. Our technology stack includes React, Angular, .NET, SQL and is hosted in Azure. We are looking to develop new services using React but also support our existing system with Angular.

Responsibilities:
• Mentoring developers and promoting best practices across the team.
• Drive the adoption of advanced frontend technologies and methodologies.
• Collaborate with architects and backend teams to design scalable, user-friendly, and high-performant solutions.
• Design, develop, and optimize web applications using React, Angular, and other frontend technologies.
• Ensure the responsiveness, performance, and maintainability of applications across platforms and devices.
• Implement TDD practices to ensure the delivery of high-quality code.
• Write unit and integration tests, ensuring the reliability and robustness of the platform.
• Work closely with UI/UX designers, product owners, and other stakeholders to gather requirements and deliver optimal solutions.
• Engage in agile development processes, contributing to sprint planning, stand-ups, and retrospectives.

Requirements:
• Bachelors degree in Information Technology field preferred.
• At least 5 years experience in React and other technologies such as Angular, with a strong grasp of web development fundamentals including HTML, CSS, and JavaScript.
• Experience with TDD and related testing frameworks/tools.
• Expert frontend development experience, with a proven track record of leading projects and teams.
• Knowledge of backend software development.
• Exceptional communication skills, capable of guiding the team and interacting with a variety of stakeholders.
• Strong leadership qualities, with a commitment to mentoring and knowledge sharing.
• Familiarity with modern build tools, CI/CD pipelines, and cloud platforms.
• Exposure to other frontend libraries or frameworks.

Being part of the #IDRTeam provides a collaborative and inclusive work culture that values innovation and diversity. We believe in the power of our unique mission and we all work together towards that one single goal. We also believe in being real. We’re not a big corporate. Everyone has an important role to fulfil, and your contribution will be an integral part of our success story.

We are a scaling business which is not for everyone. We are building as we go, and we believe we are creating something remarkable. If you are excited by the prospect of creating something great, while collaborating with people across the globe and being okay with feeling uncomfortable, then IDR is your next great decision.

Benefits:
• Fast-paced scale-up
• Competitive compensation package
• Great office environment
• Hybrid work arrangements (core hours of 10:00 – 15:00 for in-office days)
• Opportunities for professional growth and career advancement
• Agile environment
• Being mentored by some of the best developers in the industry",False,False,True,False,False,False,0,False,,jobera.com
google_jobs,Senior Microsoft D365 F&sc Developer (6-month Contract),Enavate,Anywhere,,,https://theorg.com/org/enavate/jobs/senior-microsoft-d365-fsc-be9a0145?utm_campaign=google_jobs_apply&utm_source=google_jobs_apply&utm_medium=organic,"About the Role

We are looking for an experienced Senior MS D365 Finance & Supply Chain (F&SC) Developer to join our team for a 6-month contract. In this role, you will develop and customize cutting-edge solutions within the Dynamics 365 F&SC environment while collaborating with stakeholders to meet business needs.

This is an excellent opportunity to work with a globally recognized client on high-profile projects, leveraging the latest versions of Dynamics 365 F&SC. Your expertise will be key in ensuring system scalability, performance, and efficiency.

Contract duration: 6 months
Location: Remote

Your Impact and Key Responsibilities:
• Develop and customize solutions within Dynamics 365 Finance and Supply Chain Management (F&SC).
• Troubleshoot, debug, and resolve issues in D365 systems to optimize performance and efficiency.
• Collaborate with cross-functional teams to ensure technical solutions align with business objectives.
• Contribute to the development of scalable, resilient solutions.
• Stay up-to-date with the latest versions of F&SC and apply innovative techniques to drive results.

What We’re Looking For:
• Experience: 5+ years as a Microsoft Dynamics Developer specializing in D365 Finance and Supply Chain (or previous versions).
• Technical Skills: Strong proficiency in X++ (nice to have: C#, .NET, SQL) within D365 environments.
• Implementation Expertise: Hands-on experience with full lifecycle implementations, including development and deployment.
• Tools & Platforms: Familiarity with LCS, Azure DevOps, and Visual Studio for project management and version control.
• Collaboration: Strong communication skills to effectively collaborate with diverse teams and present technical solutions clearly.
• Adaptability: Ability to quickly learn new code bases, technologies, and adapt to changing project requirements.
• Problem-Solving: A self-starter with excellent problem-solving skills and the ability to work independently or in a team.

Nice to Have:
• Experience with automated testing frameworks.
• Familiarity with Git for version control.

The interview process for this role:
• Intro call with a Talent Acquisition Specialist (30 minutes)
• Technical Interview (60 minutes)
• Interview with the Hiring Leader (45 minutes)
• Offer

ABOUT ENAVATE

Transforming Businesses and the Lives They Touch

At Enavate, we are more than just a Microsoft Gold Partner—we’re a trusted partner in Enterprise Resource Planning (ERP) consulting, Cloud services, and managed services. We help businesses embrace the future by guiding them through ERP implementations, migrations to the cloud, and integrations that streamline their operations, allowing them to thrive in an ever-evolving business landscape.

Our work isn’t just about technology—it’s about transforming the way businesses operate, empowering them to grow, innovate, and succeed. By partnering with our clients, we provide peace of mind, enabling them to focus on what matters most while we handle the complexity of their systems and processes.

To learn more about what we do and how we make an impact, please check out our ""What We Do?"" 1-pager.

Our Culture

Whether you’re joining us in North America, Europe, or beyond, Enavate offers a dynamic and collaborative environment where you’ll have the opportunity to make a real impact.

At Enavate, we’re driven by our core values, and our people are at the heart of everything we do:
• Team Members: We take care of our own.
• Innovation: We explore, evolve, and seek excellence at every level.
• Results: We are achievers who set high goals and reach them.
• Integrity: We are trustworthy. Our word is our bond.

We believe that a diverse and inclusive team leads to better innovation and outcomes. We actively support diversity and inclusion through a variety of initiatives, creating a workplace where everyone is respected and valued.

To gain a deeper understanding of our values and the environment we foster at Enavate, take a look at our ""Enavate Culture"" Guide.

What We Offer

At Enavate, we’re committed to providing a supportive and rewarding environment that empowers you to thrive both professionally and personally. Here’s a glimpse of the benefits and perks you’ll enjoy as part of our team:
• Health and Wellness
We offer competitive health insurance, wellness programs, and mental health resources to support your well-being, both physically and mentally.
• Flexible Work Arrangements
We believe in work-life balance, which is why we offer flexible working hours and, where applicable, remote work options to help you manage both your professional responsibilities and personal needs.
• Professional Development
Your growth matters to us! We provide access to a range of training programs, workshops, and reimbursement for certifications and courses, helping you continuously expand your skills and advance your career.
• Generous Time Off
Take the time you need to recharge with unlimited paid time off (PTO), which covers vacation, sick leave, holidays, and personal days. We support you in maintaining a healthy work-life balance, so you can perform at your best.
• Employee Recognition
We appreciate and celebrate the hard work and achievements of our team. Our employee recognition programs are designed to acknowledge your contributions and ensure you feel valued at every step of your journey with us.

For more details about the benefits available in your region, check out the following links:
• USA Benefits Guide
• Europe Benefits Guide
• Canada Benefits Guide

Work Structure & Collaboration

At Enavate, we embrace flexibility in how we work, but we also believe that collaboration is key to our success. Our office locations in Tampa, FL, Fargo, ND, and Kyiv, Ukraine are central to our culture and provide a hub for team interaction and innovation.

We prioritize hiring candidates who are based in or near these locations. For employees based in Tampa and Fargo, we encourage team members to spend at least three days per week in the office to foster collaboration, connection, and contribute to our vibrant team culture.

Our Hiring Process

At Enavate, we take a thoughtful approach to hiring that ensures a great fit for both you and us. Our process includes:
• Intro Call – A brief conversation to get to know you, discuss your background, and determine if there's a mutual fit.
• Predictive Index Assessment – We use the Predictive Index to understand your natural strengths and how they align with the role and our team dynamics.
• Interviews – A combination of technical and cultural interviews, focused on your expertise, problem-solving abilities, and alignment with our core values.
• Debrief – Our team will come together to discuss your fit for the role and next steps.
• Offer – If all goes well, we’ll extend an offer and welcome you to the team!

We aim to provide you with a clear understanding of your fit with Enavate, and we want to ensure you feel confident in your decision to join us.

Enavate is an Equal Opportunity employer. This commitment applies to all candidates and employees regardless of race, ethnicity, citizenship, creed, place of origin, religion, sex, gender identity, gender expression, sexual orientation, family status, marital status, disability, age, and any other protected characteristic. Accommodation requests can be made at any stage of the recruitment process, and during employment by contacting our Talent Acquisition team.

Join Us in Our Mission!

At Enavate, we believe in transforming businesses and the lives they touch – because to us, it’s personal. If you're ready to make an impact, we invite you to be part of a team that listens, challenges, collaborates, and takes action. Together, we’re reshaping the future of ERP and how businesses operate, offering fresh perspectives and innovative solutions.

Are you ready to transform your career and help us shape the future? Enavate is the place for you.",True,False,True,False,False,False,0,False,,theorg.com
google_jobs,"ServiceNow Developer- Mexico City, MX / Toronto, Canada- Remote",Sutherland Digital Services Inc,Anywhere,1 month ago,,https://www.dice.com/job-detail/983caa94-e31e-4919-b2a6-1951744d9d23?utm_campaign=google_jobs_apply&utm_source=google_jobs_apply&utm_medium=organic,"Qualifications
• Bachelor’s degree in Computer Science, Information Technology, or a related field.
• 8+ years of experience in ServiceNow development and implementation.
• Proficiency in multiple ServiceNow modules such as ITSM, CSM, SPM , TNI and CMDB
• ServiceNow Certified Application Developer certification is a plus.
• Excellent analytical and problem-solving skills.

Key Skills
• ServiceNow modules – ITSM, CSM, SPM , TNI and CMDB
• Customization and Configuration
• JavaScript, HTML, CSS
• REST API Integration
• Workflow Automation
• Data Analysis and Reporting",False,False,True,True,False,False,0,False,,dice.com
google_jobs,Senior Software Developer – Full Stack – (Python),Ignite Talent Solutions,Anywhere,,,https://recruiterflow.com/ignitetalentsolutions/jobs/532?utm_campaign=google_jobs_apply&utm_source=google_jobs_apply&utm_medium=organic,"Senior Software Developer – Full Stack – Brasilia, Brazil / Hermosillo, Mexico (Hybrid)

Job Description

Our client is an innovative startup transforming the manufacturing and service industries with real-time digital twins of equipment and process. Their technology detects performance issues and automates resolutions. This enables the immediate detection of performance anomalies and the automated dispatch of help. As a Senior Full Stack Developer, you will use Python and Django to build next-gen applications that shape the future of business, rather than maintaining legacy systems. This role offers the chance to create transformative solutions and be part of a high-growth company.

Your New Role

You will be part of a dynamic and supportive team, playing a key role in shaping the company's technical strategy, leading system design, and driving innovation. You will collaborate with the internal teams to build and optimize cloud-native applications, develop robust integrations, and guide junior developers. Your contributions will directly impact the platform's scalability, security, and performance.

What You Will Need to Succeed

To be considered for this position, candidates must have:
• 5+ years of hands-on experience in software development and system architecture, with expertise in open-source tools and technologies.
• Expertise in cloud platforms (AWS, Microsoft Azure, Google Cloud) and experience deploying scalable cloud-native applications.
• Experience Proficiency in Python/Django and frontend frameworks like ReactJS, VueJS, or NextJS.
• Hands-on experience with microservices architecture, containerization (Docker, Kubernetes), and API development.
• Strong knowledge of database management (PostgreSQL, MySQL, OpenSearch, or similar technologies).
• Experience in CI/CD pipelines, automated testing frameworks, and ensuring software reliability.
• Leadership skills to mentor and guide junior developers, while making critical technical decisions.
• Background in the manufacturing or service industries is a plus.

What You Will Get in Return
• Competitive compensation package
• Flexible work environment (Remote or Hybrid in Hermosillo).
• Join a fast-growing startup with career advancement opportunities.
• Collaborative team culture that values creativity and innovation.

What You Need to Do Now

If you are ready to join an exciting startup, and be part of something transformative, click ‘apply now’ or call us at 647 370 8488 for a confidential discussion.",False,False,True,True,False,False,1,False,,recruiterflow.com
google_jobs,"Backend Engineer, Reddit Pro for Publishers",Reddit,Anywhere,,,https://careervault.io/remote/reddit-150/software/backend-engineer-reddit-pro-for-publishers-remote-british-columbia-canada-5297782?utm_campaign=google_jobs_apply&utm_source=google_jobs_apply&utm_medium=organic,"Reddit is a community of communities. It’s built on shared interests, passion, and trust and is home to the most open and authentic conversations on the internet. Every day, Reddit users submit, vote, and comment on the topics they care most about. With 100,000+ active communities and approximately 101M+ daily active unique visitors, Reddit is one of the internet’s largest sources of information. For more information, visit redditinc.com.

The Reddit Pro team’s mission is to empower brands, publishers, organizations and professionals to create engaging content for our communities while growing their presence on Reddit through Reddit Pro. Reddit Pro is an ongoing initiative that offers advanced tooling for businesses that unlocks the power of Reddit’s 100k active communities & conversations – where opinions are formed and decisions are made. Longer term, businesses will also be able to build on this deep relationship with their Reddit communities by leveraging complementary monetized solutions from Reddit.

This is a high impact role where you will be involved in technical & product strategy and have a chance to get in on the ground floor of a new product space.

What You’ll Do:
• Work cross-functionally, collaborate and partner with product, design, and other engineering counterparts to execute on product and business strategy and build novel products and features that our users will love.
• Contribute to the full development cycle: technical design, development, test, experimentation, analysis, and launch. You’ll be reviewing code and design docs, giving feedback on product specs and mocks.
• Participate with a team of thoughtful, fast-moving, and motivated engineers. Contribute to standards that improve developer workflows, recommend best practices, and help mentor engineers on the team to grow their technical expertise.
• Contribute to strategic planning and decision-making processes for backend development.

Who You Might Be:
• BS degree in Computer Science, a similar technical field of study or equivalent practical experience.
• 3+ years of coding experience in a production setting writing clean, maintainable, and well-tested code.
• 2+ years of industry experience designing large-scale distributed systems.
• Experience with object-oriented programming languages such as but not limited to: Golang, Python, or Java
• Experienced with GraphQL, REST, HTTP, Thrift or gRPC basics, and the ability to design and implement maintainable APIs.
• Strong organizational skills, the ability to prioritize tasks and keep projects on schedule.
• Strong leadership and communication skills, with a track record of mentoring and developing junior engineers.
• Entrepreneurial spirit. You are self-directed, innovative, and biased towards action in fast-paced environments. You love to build new things and thrive in ambiguity and even failure.

Benefits
• Comprehensive Health benefits
• Registered Retirement Savings plan with matching contributions
• Income Replacement Programs
• Family Planning Support
• Gender-Affirming Care
• Mental Health & Coaching Benefits
• Flexible Vacation & Reddit Global Days Off

In select roles and locations, the interviews will be recorded, transcribed and summarized by artificial intelligence (AI). You will have the opportunity to opt out of recording, transcription and summarization prior to any scheduled interviews.

During the interview, we will collect the following categories of personal information: Identifiers, Professional and Employment-Related Information, Sensory Information (audio/video recording), and any other categories of personal information you choose to share with us. We will use this information to evaluate your application for employment or an independent contractor role, as applicable. We will not sell your personal information or disclose it to any third party for their marketing purposes. We will delete any recording of your interview promptly after making a hiring decision. For more information about how we will handle your personal information, including our retention of it, please refer to our Candidate Privacy Policy for Potential Employees and Contractors.

Reddit is proud to be an equal opportunity employer, and is committed to building a workforce representative of the diverse communities we serve. Reddit is committed to providing reasonable accommodations for qualified individuals with disabilities and disabled veterans in our job application procedures. If, due to a disability, you need an accommodation during the interview process, please let your recruiter know.",True,False,True,False,False,False,0,False,,careervault.io
